Año,Nombre,Frecuencia,Género
2002,ALEJANDRO,8020,Hombre
2002,PABLO,5799,Hombre
2002,DANIEL,5603,Hombre
2002,DAVID,5414,Hombre
2002,ADRIAN,4949,Hombre
2002,JAVIER,4909,Hombre
2002,ALVARO,4595,Hombre
2002,SERGIO,3744,Hombre
2002,CARLOS,3593,Hombre
2002,MARIO,2876,Hombre
2002,JORGE,2867,Hombre
2002,RAUL,2722,Hombre
2002,MANUEL,2696,Hombre
2002,DIEGO,2688,Hombre
2002,MIGUEL,2644,Hombre
2002,IVAN,2636,Hombre
2002,ANTONIO,2518,Hombre
2002,JUAN,2323,Hombre
2002,RUBEN,2201,Hombre
2002,VICTOR,2077,Hombre
2002,ALBERTO,1980,Hombre
2002,JESUS,1875,Hombre
2002,MARC,1848,Hombre
2002,OSCAR,1811,Hombre
2002,ANGEL,1756,Hombre
2002,FRANCISCO,1731,Hombre
2002,JOSE,1647,Hombre
2002,ALEX,1610,Hombre
2002,MARCOS,1582,Hombre
2002,JAIME,1413,Hombre
2002,ISMAEL,1387,Hombre
2002,LUIS,1335,Hombre
2002,FRANCISCO JAVIER,1300,Hombre
2002,MIGUEL ANGEL,1296,Hombre
2002,PEDRO,1264,Hombre
2002,SAMUEL,1227,Hombre
2002,CRISTIAN,1190,Hombre
2002,JOSE ANTONIO,1187,Hombre
2002,PAU,1186,Hombre
2002,IKER,1178,Hombre
2002,ANDRES,1174,Hombre
2002,GUILLERMO,1156,Hombre
2002,RAFAEL,1154,Hombre
2002,IGNACIO,1145,Hombre
2002,FERNANDO,1131,Hombre
2002,JOSE MANUEL,1131,Hombre
2002,NICOLAS,1025,Hombre
2002,GONZALO,1012,Hombre
2002,GABRIEL,1005,Hombre
2002,HUGO,953,Hombre
2002,JOEL,944,Hombre
2002,JOAN,931,Hombre
2002,AARON,904,Hombre
2002,AITOR,870,Hombre
2002,POL,861,Hombre
2002,ENRIQUE,851,Hombre
2002,EDUARDO,805,Hombre
2002,JOSE LUIS,802,Hombre
2002,RODRIGO,780,Hombre
2002,ARNAU,772,Hombre
2002,JORDI,771,Hombre
2002,JUAN JOSE,755,Hombre
2002,ROBERTO,753,Hombre
2002,SANTIAGO,735,Hombre
2002,CHRISTIAN,688,Hombre
2002,JUAN MANUEL,688,Hombre
2002,JOSE MARIA,679,Hombre
2002,ERIC,654,Hombre
2002,LUCAS,651,Hombre
2002,GERARD,619,Hombre
2002,HECTOR,619,Hombre
2002,JUAN CARLOS,609,Hombre
2002,SERGI,602,Hombre
2002,MARTIN,597,Hombre
2002,JUAN ANTONIO,578,Hombre
2002,UNAI,578,Hombre
2002,ADRIA,536,Hombre
2002,KEVIN,535,Hombre
2002,FRANCISCO JOSE,530,Hombre
2002,XAVIER,529,Hombre
2002,ASIER,521,Hombre
2002,ALBERT,518,Hombre
2002,JOAQUIN,498,Hombre
2002,ORIOL,489,Hombre
2002,BORJA,480,Hombre
2002,MOHAMED,472,Hombre
2002,MIKEL,465,Hombre
2002,JONATHAN,462,Hombre
2002,JON,453,Hombre
2002,ALFONSO,450,Hombre
2002,GUILLEM,441,Hombre
2002,RICARDO,413,Hombre
2002,CESAR,409,Hombre
2002,ISAAC,398,Hombre
2002,RAMON,398,Hombre
2002,JOSE MIGUEL,389,Hombre
2002,ANDER,382,Hombre
2002,MARCO,374,Hombre
2002,SALVADOR,354,Hombre
2002,MARTI,344,Hombre
2002,ROGER,340,Hombre
2002,IÑIGO,338,Hombre
2002,TOMAS,337,Hombre
2002,ABEL,327,Hombre
2002,YERAY,326,Hombre
2002,ALEIX,316,Hombre
2002,IZAN,311,Hombre
2002,JOSEP,311,Hombre
2002,MATEO,310,Hombre
2002,MIQUEL,309,Hombre
2002,XABIER,302,Hombre
2002,JULIO,301,Hombre
2002,DARIO,299,Hombre
2002,SAUL,297,Hombre
2002,ARTURO,295,Hombre
2002,JULEN,293,Hombre
2002,VICENTE,292,Hombre
2002,JUAN FRANCISCO,281,Hombre
2002,ABRAHAM,273,Hombre
2002,LUIS MIGUEL,269,Hombre
2002,ENEKO,267,Hombre
2002,ERIK,264,Hombre
2002,MOISES,263,Hombre
2002,FERRAN,261,Hombre
2002,ELOY,258,Hombre
2002,EMILIO,258,Hombre
2002,JAUME,255,Hombre
2002,JULIAN,249,Hombre
2002,ISRAEL,244,Hombre
2002,SEBASTIAN,243,Hombre
2002,JOSE CARLOS,236,Hombre
2002,GORKA,232,Hombre
2002,JAN,231,Hombre
2002,ANTONIO JESUS,230,Hombre
2002,JOSE ANGEL,230,Hombre
2002,CARLES,222,Hombre
2002,ALONSO,218,Hombre
2002,BRAIS,218,Hombre
2002,GERMAN,216,Hombre
2002,OIER,216,Hombre
2002,ALEXANDER,215,Hombre
2002,BRUNO,215,Hombre
2002,EDGAR,215,Hombre
2002,ANTONIO JOSE,212,Hombre
2002,AGUSTIN,211,Hombre
2002,NIL,211,Hombre
2002,MARKEL,207,Hombre
2002,BRIAN,201,Hombre
2002,NAIM,195,Hombre
2002,OMAR,195,Hombre
2002,MARIA,8838,Mujer
2002,LUCIA,7712,Mujer
2002,PAULA,5956,Mujer
2002,LAURA,5544,Mujer
2002,MARTA,4644,Mujer
2002,ALBA,4622,Mujer
2002,ANDREA,4446,Mujer
2002,SARA,3521,Mujer
2002,ANA,3388,Mujer
2002,NEREA,3183,Mujer
2002,CLAUDIA,2935,Mujer
2002,MARINA,2633,Mujer
2002,CRISTINA,2621,Mujer
2002,ELENA,2420,Mujer
2002,IRENE,2324,Mujer
2002,NATALIA,2290,Mujer
2002,CARLA,2194,Mujer
2002,CARMEN,2050,Mujer
2002,NURIA,1861,Mujer
2002,AINHOA,1641,Mujer
2002,PATRICIA,1592,Mujer
2002,JULIA,1581,Mujer
2002,ROCIO,1513,Mujer
2002,ANGELA,1509,Mujer
2002,SANDRA,1473,Mujer
2002,RAQUEL,1437,Mujer
2002,SOFIA,1404,Mujer
2002,ALICIA,1242,Mujer
2002,NOELIA,1225,Mujer
2002,CLARA,1220,Mujer
2002,ALEJANDRA,1159,Mujer
2002,MIRIAM,1156,Mujer
2002,EVA,1146,Mujer
2002,ISABEL,1134,Mujer
2002,SILVIA,1123,Mujer
2002,CELIA,1088,Mujer
2002,LORENA,1081,Mujer
2002,INES,1070,Mujer
2002,BEATRIZ,905,Mujer
2002,MIREIA,880,Mujer
2002,LAIA,875,Mujer
2002,LIDIA,871,Mujer
2002,CARLOTA,846,Mujer
2002,BLANCA,836,Mujer
2002,ADRIANA,801,Mujer
2002,ARIADNA,794,Mujer
2002,CAROLINA,781,Mujer
2002,ANNA,778,Mujer
2002,MONICA,744,Mujer
2002,ANA MARIA,734,Mujer
2002,VERONICA,677,Mujer
2002,AITANA,675,Mujer
2002,VICTORIA,662,Mujer
2002,ESTHER,659,Mujer
2002,JUDITH,618,Mujer
2002,GISELA,611,Mujer
2002,LARA,554,Mujer
2002,SONIA,553,Mujer
2002,MAR,544,Mujer
2002,DANIELA,531,Mujer
2002,AIDA,514,Mujer
2002,EMMA,514,Mujer
2002,AROA,507,Mujer
2002,BELEN,499,Mujer
2002,HELENA,492,Mujer
2002,AINA,488,Mujer
2002,LEIRE,486,Mujer
2002,TERESA,479,Mujer
2002,AINARA,470,Mujer
2002,JUDIT,451,Mujer
2002,PAOLA,442,Mujer
2002,YAIZA,440,Mujer
2002,SHEILA,435,Mujer
2002,MARIA DEL CARMEN,429,Mujer
2002,NOEMI,412,Mujer
2002,BERTA,410,Mujer
2002,FATIMA,409,Mujer
2002,NAIARA,409,Mujer
2002,AINOA,406,Mujer
2002,MARIA JOSE,400,Mujer
2002,GEMA,395,Mujer
2002,PALOMA,394,Mujer
2002,REBECA,387,Mujer
2002,TANIA,387,Mujer
2002,ZAIRA,385,Mujer
2002,ANE,383,Mujer
2002,ERIKA,383,Mujer
2002,MARTINA,354,Mujer
2002,SUSANA,348,Mujer
2002,ELISA,347,Mujer
2002,ALBA MARIA,346,Mujer
2002,SALMA,343,Mujer
2002,CANDELA,338,Mujer
2002,PILAR,337,Mujer
2002,VALERIA,330,Mujer
2002,NADIA,328,Mujer
2002,ESTELA,325,Mujer
2002,JENNIFER,303,Mujer
2002,IRATI,299,Mujer
2002,INMACULADA,296,Mujer
2002,GABRIELA,291,Mujer
2002,DIANA,290,Mujer
2002,VIRGINIA,290,Mujer
2002,IRIA,282,Mujer
2002,LYDIA,278,Mujer
2002,SARAY,269,Mujer
2002,JESSICA,267,Mujer
2002,GEMMA,265,Mujer
2002,ALMUDENA,263,Mujer
2002,GLORIA,262,Mujer
2002,ALEXIA,261,Mujer
2002,AMANDA,260,Mujer
2002,ESTEFANIA,255,Mujer
2002,CARMEN MARIA,254,Mujer
2002,MARIA DEL MAR,254,Mujer
2002,NORA,253,Mujer
2002,ALEXANDRA,248,Mujer
2002,DESIREE,247,Mujer
2002,MARIONA,247,Mujer
2002,ROSA,246,Mujer
2002,OLGA,245,Mujer
2002,MANUELA,244,Mujer
2002,YOLANDA,244,Mujer
2002,NAYARA,241,Mujer
2002,LEYRE,239,Mujer
2002,BARBARA,235,Mujer
2002,ELSA,234,Mujer
2002,IRIS,233,Mujer
2002,ANA ISABEL,229,Mujer
2002,RUTH,225,Mujer
2002,MERCEDES,221,Mujer
2002,ANA BELEN,219,Mujer
2002,LOLA,219,Mujer
2002,ISABEL MARIA,213,Mujer
2002,MIREYA,210,Mujer
2002,SORAYA,209,Mujer
2002,LUNA,208,Mujer
2002,MARIA ISABEL,208,Mujer
2002,YASMINA,202,Mujer
2002,JIMENA,201,Mujer
2002,NOA,201,Mujer
2002,VANESA,199,Mujer
2002,EVA MARIA,195,Mujer
2002,ITZIAR,193,Mujer
2002,CECILIA,192,Mujer
2002,ANTIA,191,Mujer
2002,NEUS,191,Mujer
2002,AURORA,190,Mujer
2002,VANESSA,188,Mujer
2002,MAIDER,186,Mujer
2003,DANIEL,6015,Hombre
2003,PABLO,5973,Hombre
2003,DAVID,5595,Hombre
2003,JAVIER,4708,Hombre
2003,ADRIAN,4665,Hombre
2003,ALVARO,4394,Hombre
2003,SERGIO,3642,Hombre
2003,CARLOS,3468,Hombre
2003,HUGO,3083,Hombre
2003,MARIO,2964,Hombre
2003,JORGE,2882,Hombre
2003,DIEGO,2873,Hombre
2003,IVAN,2853,Hombre
2003,RAUL,2793,Hombre
2003,MANUEL,2738,Hombre
2003,MIGUEL,2708,Hombre
2003,ANTONIO,2388,Hombre
2003,RUBEN,2265,Hombre
2003,JUAN,2081,Hombre
2003,VICTOR,2025,Hombre
2003,MARCOS,2016,Hombre
2003,ALBERTO,1963,Hombre
2003,MARC,1962,Hombre
2003,JESUS,1788,Hombre
2003,ALEX,1762,Hombre
2003,ANGEL,1636,Hombre
2003,OSCAR,1630,Hombre
2003,FRANCISCO,1608,Hombre
2003,IKER,1528,Hombre
2003,JOSE,1501,Hombre
2003,ISMAEL,1378,Hombre
2003,JAIME,1338,Hombre
2003,SAMUEL,1334,Hombre
2003,PAU,1300,Hombre
2003,LUIS,1285,Hombre
2003,MIGUEL ANGEL,1272,Hombre
2003,PEDRO,1264,Hombre
2003,IGNACIO,1192,Hombre
2003,RAFAEL,1156,Hombre
2003,FRANCISCO JAVIER,1145,Hombre
2003,FERNANDO,1119,Hombre
2003,NICOLAS,1108,Hombre
2003,GUILLERMO,1094,Hombre
2003,JOSE ANTONIO,1090,Hombre
2003,CRISTIAN,1078,Hombre
2003,ANDRES,1054,Hombre
2003,JOSE MANUEL,1033,Hombre
2003,JOEL,1028,Hombre
2003,GONZALO,1025,Hombre
2003,GABRIEL,1005,Hombre
2003,LUCAS,945,Hombre
2003,JOAN,943,Hombre
2003,ENRIQUE,902,Hombre
2003,AITOR,880,Hombre
2003,POL,872,Hombre
2003,AARON,863,Hombre
2003,RODRIGO,809,Hombre
2003,ARNAU,794,Hombre
2003,SANTIAGO,786,Hombre
2003,EDUARDO,769,Hombre
2003,ROBERTO,768,Hombre
2003,JORDI,754,Hombre
2003,ERIC,748,Hombre
2003,JUAN JOSE,727,Hombre
2003,JOSE LUIS,711,Hombre
2003,UNAI,690,Hombre
2003,HECTOR,645,Hombre
2003,MARTIN,644,Hombre
2003,GERARD,623,Hombre
2003,JOSE MARIA,616,Hombre
2003,SERGI,597,Hombre
2003,JUAN CARLOS,593,Hombre
2003,JUAN MANUEL,588,Hombre
2003,JUAN ANTONIO,548,Hombre
2003,ADRIA,543,Hombre
2003,ASIER,541,Hombre
2003,MOHAMED,529,Hombre
2003,CHRISTIAN,522,Hombre
2003,KEVIN,519,Hombre
2003,BORJA,505,Hombre
2003,ORIOL,501,Hombre
2003,FRANCISCO JOSE,482,Hombre
2003,JONATHAN,475,Hombre
2003,JOAQUIN,464,Hombre
2003,ALBERT,463,Hombre
2003,MIKEL,458,Hombre
2003,XAVIER,455,Hombre
2003,ALFONSO,442,Hombre
2003,JON,438,Hombre
2003,RICARDO,426,Hombre
2003,MARCO,424,Hombre
2003,ISAAC,418,Hombre
2003,CESAR,411,Hombre
2003,ANDER,403,Hombre
2003,IZAN,397,Hombre
2003,GUILLEM,385,Hombre
2003,ABEL,380,Hombre
2003,MARTI,376,Hombre
2003,MATEO,373,Hombre
2003,DARIO,370,Hombre
2003,IÑIGO,365,Hombre
2003,YERAY,363,Hombre
2003,ALEIX,362,Hombre
2003,AIMAR,352,Hombre
2003,ROGER,352,Hombre
2003,JOSE MIGUEL,344,Hombre
2003,TOMAS,344,Hombre
2003,JAN,329,Hombre
2003,RAMON,329,Hombre
2003,BRUNO,325,Hombre
2003,SALVADOR,323,Hombre
2003,JULEN,318,Hombre
2003,ENEKO,291,Hombre
2003,SAUL,288,Hombre
2003,JULIO,284,Hombre
2003,ERIK,280,Hombre
2003,JOSEP,276,Hombre
2003,XABIER,275,Hombre
2003,MIQUEL,274,Hombre
2003,ABRIL,273,Hombre
2003,JAUME,272,Hombre
2003,VICENTE,271,Hombre
2003,EMILIO,270,Hombre
2003,ELOY,269,Hombre
2003,JUAN FRANCISCO,260,Hombre
2003,NIL,260,Hombre
2003,OMAR,260,Hombre
2003,ARTURO,258,Hombre
2003,ISRAEL,251,Hombre
2003,FERRAN,245,Hombre
2003,LUIS MIGUEL,244,Hombre
2003,ABRAHAM,242,Hombre
2003,JOSE CARLOS,242,Hombre
2003,YAGO,236,Hombre
2003,ALEXANDER,234,Hombre
2003,BRAIS,234,Hombre
2003,IAN,233,Hombre
2003,OIER,231,Hombre
2003,SEBASTIAN,231,Hombre
2003,EDGAR,227,Hombre
2003,IBAI,223,Hombre
2003,JULIAN,222,Hombre
2003,MOISES,222,Hombre
2003,MARKEL,221,Hombre
2003,ALONSO,220,Hombre
2003,JOSE ANGEL,219,Hombre
2003,GERMAN,214,Hombre
2003,MARIA,8709,Mujer
2003,PAULA,7003,Mujer
2003,LAURA,5451,Mujer
2003,MARTA,4608,Mujer
2003,ANDREA,4487,Mujer
2003,ALBA,4321,Mujer
2003,SARA,3314,Mujer
2003,CLAUDIA,3285,Mujer
2003,ANA,3157,Mujer
2003,NEREA,3102,Mujer
2003,CARLA,2592,Mujer
2003,ELENA,2407,Mujer
2003,CRISTINA,2390,Mujer
2003,AINHOA,2218,Mujer
2003,NATALIA,2204,Mujer
2003,MARINA,2193,Mujer
2003,IRENE,2180,Mujer
2003,CARMEN,2081,Mujer
2003,NURIA,1733,Mujer
2003,JULIA,1723,Mujer
2003,ANGELA,1593,Mujer
2003,SOFIA,1547,Mujer
2003,ROCIO,1511,Mujer
2003,SANDRA,1395,Mujer
2003,ALEJANDRA,1370,Mujer
2003,NOELIA,1362,Mujer
2003,PATRICIA,1314,Mujer
2003,RAQUEL,1285,Mujer
2003,CLARA,1279,Mujer
2003,CELIA,1187,Mujer
2003,ALICIA,1158,Mujer
2003,INES,1123,Mujer
2003,MIRIAM,1121,Mujer
2003,SILVIA,1120,Mujer
2003,ISABEL,1071,Mujer
2003,EVA,1058,Mujer
2003,LORENA,982,Mujer
2003,LAIA,945,Mujer
2003,BEATRIZ,889,Mujer
2003,CARLOTA,852,Mujer
2003,CAROLINA,830,Mujer
2003,DANIELA,828,Mujer
2003,LIDIA,796,Mujer
2003,BLANCA,790,Mujer
2003,ARIADNA,773,Mujer
2003,ADRIANA,742,Mujer
2003,ANNA,740,Mujer
2003,MONICA,724,Mujer
2003,AITANA,723,Mujer
2003,MIREIA,722,Mujer
2003,JUDITH,721,Mujer
2003,AINARA,655,Mujer
2003,ANA MARIA,640,Mujer
2003,LARA,609,Mujer
2003,VICTORIA,608,Mujer
2003,MAR,594,Mujer
2003,NAIARA,576,Mujer
2003,CANDELA,569,Mujer
2003,ESTHER,566,Mujer
2003,AROA,548,Mujer
2003,PAOLA,546,Mujer
2003,AINA,545,Mujer
2003,TERESA,544,Mujer
2003,SONIA,536,Mujer
2003,EMMA,527,Mujer
2003,LEIRE,518,Mujer
2003,VERONICA,491,Mujer
2003,AIDA,474,Mujer
2003,BELEN,469,Mujer
2003,YAIZA,466,Mujer
2003,SHEILA,458,Mujer
2003,GISELA,452,Mujer
2003,JUDIT,451,Mujer
2003,MARTINA,451,Mujer
2003,BERTA,447,Mujer
2003,ERIKA,444,Mujer
2003,NOA,443,Mujer
2003,HELENA,431,Mujer
2003,NOEMI,427,Mujer
2003,FATIMA,422,Mujer
2003,DESIREE,415,Mujer
2003,REBECA,405,Mujer
2003,SALMA,404,Mujer
2003,ANE,385,Mujer
2003,VALERIA,376,Mujer
2003,ZAIRA,376,Mujer
2003,NORA,362,Mujer
2003,MARIA JOSE,361,Mujer
2003,PALOMA,358,Mujer
2003,TANIA,353,Mujer
2003,ELISA,332,Mujer
2003,IRATI,330,Mujer
2003,NADIA,329,Mujer
2003,DIANA,325,Mujer
2003,GEMA,324,Mujer
2003,SUSANA,322,Mujer
2003,SARAY,321,Mujer
2003,ALEXIA,319,Mujer
2003,GABRIELA,319,Mujer
2003,NAYARA,318,Mujer
2003,PILAR,318,Mujer
2003,IRIA,317,Mujer
2003,JIMENA,295,Mujer
2003,ESTELA,285,Mujer
2003,AMANDA,282,Mujer
2003,ALBA MARIA,274,Mujer
2003,ALEXANDRA,272,Mujer
2003,LYDIA,272,Mujer
2003,LUNA,266,Mujer
2003,LOLA,265,Mujer
2003,IRIS,260,Mujer
2003,JENNIFER,260,Mujer
2003,ELSA,258,Mujer
2003,OLGA,253,Mujer
2003,ROSA,250,Mujer
2003,NAROA,249,Mujer
2003,MARIA DEL MAR,248,Mujer
2003,ALMUDENA,243,Mujer
2003,RUTH,241,Mujer
2003,INMACULADA,240,Mujer
2003,YOLANDA,240,Mujer
2003,LEYRE,233,Mujer
2003,MANUELA,231,Mujer
2003,YASMINA,230,Mujer
2003,GLORIA,229,Mujer
2003,MARIA ISABEL,229,Mujer
2003,MARIONA,229,Mujer
2003,ANA ISABEL,227,Mujer
2003,CARMEN MARIA,227,Mujer
2003,GEMMA,224,Mujer
2003,ANA BELEN,220,Mujer
2003,NAHIA,217,Mujer
2003,BARBARA,215,Mujer
2003,ESTEFANIA,215,Mujer
2003,JESSICA,215,Mujer
2003,MIREYA,213,Mujer
2003,VIRGINIA,211,Mujer
2003,EVA MARIA,210,Mujer
2003,IZARO,209,Mujer
2003,NEUS,207,Mujer
2003,UXIA,206,Mujer
2003,MERCEDES,201,Mujer
2003,VANESA,201,Mujer
2003,ANTIA,199,Mujer
2003,ITZIAR,199,Mujer
2003,SORAYA,195,Mujer
2003,CECILIA,194,Mujer
2004,ALEJANDRO,7381,Hombre
2004,DAVID,6234,Hombre
2004,DANIEL,6052,Hombre
2004,PABLO,5963,Hombre
2004,ADRIAN,4745,Hombre
2004,ALVARO,4598,Hombre
2004,JAVIER,4573,Hombre
2004,SERGIO,3762,Hombre
2004,CARLOS,3314,Hombre
2004,MARCOS,3101,Hombre
2004,IVAN,3084,Hombre
2004,HUGO,3076,Hombre
2004,MARIO,2903,Hombre
2004,JORGE,2875,Hombre
2004,DIEGO,2851,Hombre
2004,MIGUEL,2650,Hombre
2004,MANUEL,2628,Hombre
2004,RAUL,2555,Hombre
2004,RUBEN,2400,Hombre
2004,ANTONIO,2329,Hombre
2004,JUAN,2202,Hombre
2004,ALEX,2021,Hombre
2004,VICTOR,2009,Hombre
2004,MARC,1961,Hombre
2004,ALBERTO,1835,Hombre
2004,IKER,1691,Hombre
2004,JESUS,1681,Hombre
2004,ANGEL,1667,Hombre
2004,FRANCISCO,1653,Hombre
2004,OSCAR,1544,Hombre
2004,JOSE,1534,Hombre
2004,SAMUEL,1466,Hombre
2004,JAIME,1447,Hombre
2004,ISMAEL,1387,Hombre
2004,PAU,1382,Hombre
2004,NICOLAS,1348,Hombre
2004,MIGUEL ANGEL,1263,Hombre
2004,LUIS,1255,Hombre
2004,PEDRO,1235,Hombre
2004,GONZALO,1221,Hombre
2004,IGNACIO,1216,Hombre
2004,GUILLERMO,1203,Hombre
2004,RAFAEL,1182,Hombre
2004,GABRIEL,1178,Hombre
2004,JOEL,1144,Hombre
2004,FERNANDO,1129,Hombre
2004,FRANCISCO JAVIER,1106,Hombre
2004,LUCAS,1058,Hombre
2004,CRISTIAN,1054,Hombre
2004,AARON,1016,Hombre
2004,JOSE ANTONIO,1010,Hombre
2004,ANDRES,1004,Hombre
2004,POL,984,Hombre
2004,JOAN,975,Hombre
2004,RODRIGO,970,Hombre
2004,JOSE MANUEL,961,Hombre
2004,HECTOR,959,Hombre
2004,AITOR,947,Hombre
2004,ARNAU,865,Hombre
2004,ENRIQUE,847,Hombre
2004,SANTIAGO,845,Hombre
2004,IZAN,838,Hombre
2004,ROBERTO,791,Hombre
2004,ERIC,765,Hombre
2004,EDUARDO,743,Hombre
2004,JORDI,741,Hombre
2004,MARTIN,708,Hombre
2004,UNAI,688,Hombre
2004,JOSE LUIS,676,Hombre
2004,ASIER,665,Hombre
2004,JUAN JOSE,653,Hombre
2004,SERGI,648,Hombre
2004,MOHAMED,642,Hombre
2004,ADRIA,638,Hombre
2004,GERARD,627,Hombre
2004,KEVIN,609,Hombre
2004,JUAN MANUEL,598,Hombre
2004,JOSE MARIA,581,Hombre
2004,MARCO,572,Hombre
2004,BORJA,571,Hombre
2004,ORIOL,548,Hombre
2004,CHRISTIAN,541,Hombre
2004,JUAN CARLOS,527,Hombre
2004,YERAY,525,Hombre
2004,JUAN ANTONIO,512,Hombre
2004,ISAAC,487,Hombre
2004,XAVIER,485,Hombre
2004,FRANCISCO JOSE,476,Hombre
2004,JOAQUIN,464,Hombre
2004,JON,463,Hombre
2004,CESAR,461,Hombre
2004,GUILLEM,449,Hombre
2004,MARTI,441,Hombre
2004,ALBERT,438,Hombre
2004,JONATHAN,433,Hombre
2004,MIKEL,431,Hombre
2004,MATEO,428,Hombre
2004,DARIO,426,Hombre
2004,ALFONSO,418,Hombre
2004,ANDER,416,Hombre
2004,JAN,416,Hombre
2004,RICARDO,411,Hombre
2004,ALEIX,409,Hombre
2004,AIMAR,392,Hombre
2004,RAMON,384,Hombre
2004,JOSE MIGUEL,382,Hombre
2004,ABEL,367,Hombre
2004,ROGER,365,Hombre
2004,BRUNO,364,Hombre
2004,SAUL,355,Hombre
2004,SALVADOR,350,Hombre
2004,MIQUEL,342,Hombre
2004,ERIK,340,Hombre
2004,IÑIGO,340,Hombre
2004,TOMAS,335,Hombre
2004,JULEN,332,Hombre
2004,JULIO,330,Hombre
2004,ENEKO,320,Hombre
2004,OMAR,319,Hombre
2004,ADAM,309,Hombre
2004,FERRAN,307,Hombre
2004,NIL,305,Hombre
2004,IBAI,302,Hombre
2004,XABIER,301,Hombre
2004,ALONSO,298,Hombre
2004,ISRAEL,293,Hombre
2004,YAGO,278,Hombre
2004,ARTURO,274,Hombre
2004,EDGAR,273,Hombre
2004,IAN,270,Hombre
2004,EMILIO,269,Hombre
2004,VICENTE,268,Hombre
2004,JUAN FRANCISCO,260,Hombre
2004,ELOY,258,Hombre
2004,JOSEP,257,Hombre
2004,OIER,256,Hombre
2004,ABRAHAM,255,Hombre
2004,JULIAN,255,Hombre
2004,JOSE CARLOS,249,Hombre
2004,BRAIS,246,Hombre
2004,JAUME,246,Hombre
2004,ADAN,243,Hombre
2004,JAIRO,243,Hombre
2004,ALEXANDER,242,Hombre
2004,MARKEL,241,Hombre
2004,SEBASTIAN,241,Hombre
2004,BIEL,240,Hombre
2004,MOISES,240,Hombre
2004,ELIAS,238,Hombre
2004,IAGO,238,Hombre
2004,GORKA,237,Hombre
2004,MAURO,220,Hombre
2004,DENIS,218,Hombre
2004,LUCIA,10370,Mujer
2004,MARIA,7865,Mujer
2004,PAULA,7147,Mujer
2004,LAURA,5638,Mujer
2004,MARTA,4583,Mujer
2004,ALBA,4232,Mujer
2004,ANDREA,4141,Mujer
2004,CLAUDIA,3379,Mujer
2004,SARA,3189,Mujer
2004,NEREA,3118,Mujer
2004,CARLA,2974,Mujer
2004,ANA,2918,Mujer
2004,NATALIA,2536,Mujer
2004,IRENE,2226,Mujer
2004,MARINA,2217,Mujer
2004,CRISTINA,2213,Mujer
2004,ELENA,2184,Mujer
2004,CARMEN,2147,Mujer
2004,JULIA,2088,Mujer
2004,AINHOA,2026,Mujer
2004,ROCIO,1701,Mujer
2004,SOFIA,1695,Mujer
2004,ANGELA,1645,Mujer
2004,NURIA,1559,Mujer
2004,ALEJANDRA,1514,Mujer
2004,SANDRA,1310,Mujer
2004,ALICIA,1250,Mujer
2004,CLARA,1238,Mujer
2004,PATRICIA,1236,Mujer
2004,CELIA,1235,Mujer
2004,EVA,1200,Mujer
2004,INES,1196,Mujer
2004,NOELIA,1196,Mujer
2004,DANIELA,1185,Mujer
2004,LAIA,1142,Mujer
2004,RAQUEL,1133,Mujer
2004,SILVIA,1054,Mujer
2004,ISABEL,1043,Mujer
2004,LORENA,1026,Mujer
2004,MIRIAM,978,Mujer
2004,ADRIANA,970,Mujer
2004,BLANCA,944,Mujer
2004,ARIADNA,930,Mujer
2004,AITANA,896,Mujer
2004,AROA,890,Mujer
2004,CANDELA,855,Mujer
2004,CAROLINA,829,Mujer
2004,BEATRIZ,815,Mujer
2004,CARLOTA,802,Mujer
2004,AINARA,781,Mujer
2004,VICTORIA,741,Mujer
2004,MIREIA,723,Mujer
2004,ANNA,721,Mujer
2004,LIDIA,721,Mujer
2004,JUDITH,678,Mujer
2004,MARTINA,671,Mujer
2004,MONICA,660,Mujer
2004,MAR,658,Mujer
2004,LARA,648,Mujer
2004,NAIARA,640,Mujer
2004,ERIKA,622,Mujer
2004,ANA MARIA,613,Mujer
2004,AINA,606,Mujer
2004,EMMA,584,Mujer
2004,YAIZA,583,Mujer
2004,PAOLA,573,Mujer
2004,ESTHER,571,Mujer
2004,LEIRE,540,Mujer
2004,HELENA,525,Mujer
2004,SONIA,495,Mujer
2004,SHEILA,493,Mujer
2004,BERTA,486,Mujer
2004,REBECA,484,Mujer
2004,GISELA,474,Mujer
2004,JUDIT,471,Mujer
2004,NOA,455,Mujer
2004,TERESA,446,Mujer
2004,FATIMA,436,Mujer
2004,NORA,427,Mujer
2004,BELEN,422,Mujer
2004,GABRIELA,420,Mujer
2004,NAYARA,418,Mujer
2004,VERONICA,418,Mujer
2004,JIMENA,417,Mujer
2004,LOLA,410,Mujer
2004,DESIREE,399,Mujer
2004,SALMA,396,Mujer
2004,ELSA,392,Mujer
2004,VALERIA,392,Mujer
2004,MARIA DEL CARMEN,390,Mujer
2004,ABRIL,386,Mujer
2004,LEYRE,379,Mujer
2004,ESTELA,377,Mujer
2004,NOEMI,377,Mujer
2004,IRIA,369,Mujer
2004,GEMA,364,Mujer
2004,ANE,360,Mujer
2004,NADIA,357,Mujer
2004,IRATI,356,Mujer
2004,LUNA,347,Mujer
2004,SARAY,338,Mujer
2004,MARIA JOSE,335,Mujer
2004,DIANA,334,Mujer
2004,ZAIRA,334,Mujer
2004,ELISA,327,Mujer
2004,TANIA,321,Mujer
2004,LYDIA,320,Mujer
2004,IRIS,316,Mujer
2004,ALEXANDRA,295,Mujer
2004,ALEXIA,293,Mujer
2004,NAROA,290,Mujer
2004,ALMUDENA,284,Mujer
2004,PILAR,280,Mujer
2004,MANUELA,274,Mujer
2004,PALOMA,274,Mujer
2004,SUSANA,274,Mujer
2004,ALBA MARIA,269,Mujer
2004,MARIA DEL MAR,265,Mujer
2004,RUTH,263,Mujer
2004,AYA,262,Mujer
2004,ITZIAR,262,Mujer
2004,OLGA,261,Mujer
2004,AMANDA,260,Mujer
2004,JANA,254,Mujer
2004,MARIONA,253,Mujer
2004,AFRICA,247,Mujer
2004,UXIA,247,Mujer
2004,NAHIA,246,Mujer
2004,SORAYA,245,Mujer
2004,GEMMA,238,Mujer
2004,INMACULADA,238,Mujer
2004,GLORIA,234,Mujer
2004,MIREYA,230,Mujer
2004,UXUE,230,Mujer
2004,ROSA,226,Mujer
2004,JESSICA,225,Mujer
2004,JUNE,220,Mujer
2004,YOLANDA,220,Mujer
2004,LETICIA,214,Mujer
2004,ANTIA,212,Mujer
2004,MARIAM,212,Mujer
2004,NAIA,212,Mujer
2004,JENNIFER,211,Mujer
2004,MARIA ISABEL,211,Mujer
2004,IZARO,207,Mujer
2004,NAZARET,206,Mujer
2004,VIRGINIA,205,Mujer
2004,ESTEFANIA,202,Mujer
2004,MAIALEN,201,Mujer
2004,YASMINA,201,Mujer
2004,INGRID,200,Mujer
2004,AINOA,194,Mujer
2004,NEUS,189,Mujer
2005,ALEJANDRO,7173,Hombre
2005,DANIEL,6459,Hombre
2005,PABLO,6254,Hombre
2005,DAVID,5992,Hombre
2005,ADRIAN,4822,Hombre
2005,JAVIER,4601,Hombre
2005,ALVARO,4374,Hombre
2005,SERGIO,3659,Hombre
2005,CARLOS,3229,Hombre
2005,MARCOS,3149,Hombre
2005,IVAN,3131,Hombre
2005,HUGO,3054,Hombre
2005,DIEGO,2896,Hombre
2005,JORGE,2824,Hombre
2005,MIGUEL,2785,Hombre
2005,MANUEL,2685,Hombre
2005,MARIO,2553,Hombre
2005,RAUL,2412,Hombre
2005,ANTONIO,2312,Hombre
2005,RUBEN,2243,Hombre
2005,VICTOR,2116,Hombre
2005,MARC,2043,Hombre
2005,JUAN,1992,Hombre
2005,IKER,1972,Hombre
2005,SAMUEL,1896,Hombre
2005,ALEX,1873,Hombre
2005,ALBERTO,1802,Hombre
2005,JESUS,1736,Hombre
2005,ANGEL,1726,Hombre
2005,NICOLAS,1626,Hombre
2005,FRANCISCO,1586,Hombre
2005,OSCAR,1577,Hombre
2005,JAIME,1572,Hombre
2005,HECTOR,1564,Hombre
2005,JOSE,1562,Hombre
2005,PAU,1424,Hombre
2005,ISMAEL,1344,Hombre
2005,GUILLERMO,1275,Hombre
2005,PEDRO,1271,Hombre
2005,JOEL,1246,Hombre
2005,IGNACIO,1232,Hombre
2005,LUIS,1227,Hombre
2005,MIGUEL ANGEL,1220,Hombre
2005,GONZALO,1205,Hombre
2005,IZAN,1199,Hombre
2005,RAFAEL,1184,Hombre
2005,GABRIEL,1172,Hombre
2005,AARON,1077,Hombre
2005,ANDRES,1030,Hombre
2005,FERNANDO,1019,Hombre
2005,FRANCISCO JAVIER,1015,Hombre
2005,LUCAS,1010,Hombre
2005,JOSE ANTONIO,989,Hombre
2005,CRISTIAN,982,Hombre
2005,POL,981,Hombre
2005,RODRIGO,974,Hombre
2005,JOSE MANUEL,929,Hombre
2005,AITOR,884,Hombre
2005,JOAN,879,Hombre
2005,SANTIAGO,839,Hombre
2005,MARTIN,819,Hombre
2005,EDUARDO,815,Hombre
2005,ERIC,802,Hombre
2005,ARNAU,797,Hombre
2005,ROBERTO,796,Hombre
2005,UNAI,779,Hombre
2005,ENRIQUE,753,Hombre
2005,JORDI,720,Hombre
2005,ASIER,701,Hombre
2005,ADRIA,660,Hombre
2005,MOHAMED,644,Hombre
2005,JOSE LUIS,635,Hombre
2005,JUAN JOSE,635,Hombre
2005,JOSE MARIA,612,Hombre
2005,MARCO,612,Hombre
2005,SERGI,612,Hombre
2005,GERARD,588,Hombre
2005,JAN,560,Hombre
2005,JUAN MANUEL,546,Hombre
2005,ORIOL,541,Hombre
2005,KEVIN,540,Hombre
2005,CHRISTIAN,521,Hombre
2005,YERAY,516,Hombre
2005,JUAN CARLOS,510,Hombre
2005,JUAN ANTONIO,507,Hombre
2005,MARTI,487,Hombre
2005,MATEO,487,Hombre
2005,DARIO,479,Hombre
2005,XAVIER,471,Hombre
2005,GUILLEM,465,Hombre
2005,ISAAC,456,Hombre
2005,JOAQUIN,452,Hombre
2005,ALEIX,448,Hombre
2005,ANDER,431,Hombre
2005,BRUNO,429,Hombre
2005,ADAM,427,Hombre
2005,JON,419,Hombre
2005,MIKEL,415,Hombre
2005,FRANCISCO JOSE,413,Hombre
2005,AIMAR,402,Hombre
2005,LUCIA,10146,Mujer
2005,MARIA,7784,Mujer
2005,PAULA,6684,Mujer
2005,LAURA,5276,Mujer
2005,MARTA,4592,Mujer
2005,ALBA,3976,Mujer
2005,CLAUDIA,3907,Mujer
2005,CARLA,3631,Mujer
2005,ANDREA,3474,Mujer
2005,SARA,3343,Mujer
2005,NEREA,3040,Mujer
2005,IRENE,2815,Mujer
2005,ANA,2701,Mujer
2005,NATALIA,2591,Mujer
2005,JULIA,2410,Mujer
2005,ELENA,2271,Mujer
2005,CARMEN,2253,Mujer
2005,SOFIA,2221,Mujer
2005,MARINA,2021,Mujer
2005,CRISTINA,1926,Mujer
2005,AINHOA,1897,Mujer
2005,ROCIO,1748,Mujer
2005,DANIELA,1691,Mujer
2005,ANGELA,1678,Mujer
2005,ALEJANDRA,1553,Mujer
2005,AITANA,1434,Mujer
2005,NURIA,1433,Mujer
2005,SANDRA,1386,Mujer
2005,INES,1287,Mujer
2005,LAIA,1201,Mujer
2005,ALICIA,1160,Mujer
2005,CANDELA,1153,Mujer
2005,RAQUEL,1129,Mujer
2005,PATRICIA,1123,Mujer
2005,CELIA,1108,Mujer
2005,ADRIANA,1104,Mujer
2005,EVA,1096,Mujer
2005,CLARA,1094,Mujer
2005,ARIADNA,1049,Mujer
2005,NOELIA,1041,Mujer
2005,SILVIA,1002,Mujer
2005,MARTINA,950,Mujer
2005,CARLOTA,948,Mujer
2005,CAROLINA,947,Mujer
2005,BLANCA,945,Mujer
2005,ISABEL,944,Mujer
2005,MIRIAM,905,Mujer
2005,LORENA,834,Mujer
2005,NOA,827,Mujer
2005,AINARA,816,Mujer
2005,BEATRIZ,792,Mujer
2005,AROA,760,Mujer
2005,VICTORIA,755,Mujer
2005,LIDIA,754,Mujer
2005,MIREIA,748,Mujer
2005,EMMA,722,Mujer
2005,MAR,698,Mujer
2005,NAIARA,686,Mujer
2005,HELENA,656,Mujer
2005,JUDITH,650,Mujer
2005,AINA,603,Mujer
2005,ANNA,603,Mujer
2005,ERIKA,602,Mujer
2005,LARA,587,Mujer
2005,YAIZA,578,Mujer
2005,PAOLA,560,Mujer
2005,LEIRE,557,Mujer
2005,MONICA,552,Mujer
2005,DIANA,549,Mujer
2005,BERTA,547,Mujer
2005,ANA MARIA,537,Mujer
2005,JIMENA,536,Mujer
2005,NAYARA,525,Mujer
2005,ESTHER,523,Mujer
2005,NORA,514,Mujer
2005,LOLA,510,Mujer
2005,ABRIL,493,Mujer
2005,GABRIELA,473,Mujer
2005,JUDIT,473,Mujer
2005,VALERIA,469,Mujer
2005,TANIA,468,Mujer
2005,ELSA,466,Mujer
2005,TERESA,462,Mujer
2005,REBECA,449,Mujer
2005,BELEN,446,Mujer
2005,GISELA,446,Mujer
2005,FATIMA,445,Mujer
2005,LUNA,442,Mujer
2005,SALMA,440,Mujer
2005,SHEILA,438,Mujer
2005,SARAY,436,Mujer
2005,MARIA DEL CARMEN,407,Mujer
2005,SONIA,406,Mujer
2005,YANIRA,397,Mujer
2005,NOEMI,394,Mujer
2005,NADIA,386,Mujer
2005,VERONICA,383,Mujer
2005,IRIA,372,Mujer
2005,IRATI,371,Mujer
2005,AFRICA,370,Mujer
2006,ALEJANDRO,7581,Hombre
2006,DANIEL,6800,Hombre
2006,PABLO,6432,Hombre
2006,DAVID,6005,Hombre
2006,ADRIAN,5011,Hombre
2006,ALVARO,4575,Hombre
2006,JAVIER,4485,Hombre
2006,SERGIO,4048,Hombre
2006,HUGO,3976,Hombre
2006,DIEGO,3248,Hombre
2006,CARLOS,3241,Hombre
2006,MARCOS,3187,Hombre
2006,MARIO,3059,Hombre
2006,IVAN,3011,Hombre
2006,MANUEL,2953,Hombre
2006,MIGUEL,2860,Hombre
2006,JORGE,2821,Hombre
2006,RUBEN,2531,Hombre
2006,IKER,2479,Hombre
2006,RAUL,2476,Hombre
2006,VICTOR,2462,Hombre
2006,ANTONIO,2334,Hombre
2006,JUAN,2171,Hombre
2006,HECTOR,2141,Hombre
2006,MARC,2138,Hombre
2006,SAMUEL,2077,Hombre
2006,ALEX,1921,Hombre
2006,JESUS,1822,Hombre
2006,OSCAR,1818,Hombre
2006,ALBERTO,1791,Hombre
2006,NICOLAS,1765,Hombre
2006,ANGEL,1723,Hombre
2006,JAIME,1695,Hombre
2006,JOSE,1653,Hombre
2006,FRANCISCO,1602,Hombre
2006,GONZALO,1545,Hombre
2006,GUILLERMO,1545,Hombre
2006,IZAN,1525,Hombre
2006,PAU,1514,Hombre
2006,LUCAS,1510,Hombre
2006,GABRIEL,1454,Hombre
2006,ISMAEL,1362,Hombre
2006,JOEL,1353,Hombre
2006,PEDRO,1349,Hombre
2006,RODRIGO,1339,Hombre
2006,IGNACIO,1335,Hombre
2006,AARON,1321,Hombre
2006,LUIS,1258,Hombre
2006,MIGUEL ANGEL,1174,Hombre
2006,RAFAEL,1158,Hombre
2006,FERNANDO,1082,Hombre
2006,CRISTIAN,1050,Hombre
2006,FRANCISCO JAVIER,1037,Hombre
2006,ANDRES,1011,Hombre
2006,AITOR,1005,Hombre
2006,POL,980,Hombre
2006,JOAN,963,Hombre
2006,ARNAU,952,Hombre
2006,MARTIN,934,Hombre
2006,JOSE ANTONIO,925,Hombre
2006,ERIC,921,Hombre
2006,JOSE MANUEL,897,Hombre
2006,MOHAMED,856,Hombre
2006,DARIO,842,Hombre
2006,UNAI,824,Hombre
2006,SANTIAGO,815,Hombre
2006,ROBERTO,791,Hombre
2006,EDUARDO,788,Hombre
2006,ASIER,773,Hombre
2006,ENRIQUE,762,Hombre
2006,JORDI,758,Hombre
2006,MARCO,711,Hombre
2006,MATEO,696,Hombre
2006,ADRIA,691,Hombre
2006,ADAM,688,Hombre
2006,ORIOL,657,Hombre
2006,MARTI,614,Hombre
2006,JUAN JOSE,610,Hombre
2006,JAN,609,Hombre
2006,GERARD,589,Hombre
2006,KEVIN,587,Hombre
2006,SERGI,586,Hombre
2006,BIEL,571,Hombre
2006,JOSE LUIS,568,Hombre
2006,CHRISTIAN,555,Hombre
2006,JUAN MANUEL,553,Hombre
2006,JOSE MARIA,534,Hombre
2006,GUILLEM,527,Hombre
2006,ISAAC,525,Hombre
2006,XAVIER,524,Hombre
2006,YERAY,524,Hombre
2006,AIMAR,518,Hombre
2006,JUAN ANTONIO,506,Hombre
2006,ERIK,505,Hombre
2006,JOAQUIN,480,Hombre
2006,BRUNO,478,Hombre
2006,SAUL,477,Hombre
2006,JUAN CARLOS,472,Hombre
2006,ROGER,469,Hombre
2006,FRANCISCO JOSE,455,Hombre
2006,LUCIA,9454,Mujer
2006,MARIA,7702,Mujer
2006,PAULA,6516,Mujer
2006,LAURA,5144,Mujer
2006,CLAUDIA,4756,Mujer
2006,IRENE,4506,Mujer
2006,MARTA,4359,Mujer
2006,ALBA,4296,Mujer
2006,SARA,4150,Mujer
2006,CARLA,3571,Mujer
2006,ANDREA,3272,Mujer
2006,NEREA,2956,Mujer
2006,JULIA,2648,Mujer
2006,NATALIA,2612,Mujer
2006,ELENA,2576,Mujer
2006,ANA,2566,Mujer
2006,SOFIA,2554,Mujer
2006,CARMEN,2360,Mujer
2006,DANIELA,2313,Mujer
2006,MARINA,1985,Mujer
2006,CRISTINA,1908,Mujer
2006,AINHOA,1890,Mujer
2006,AITANA,1864,Mujer
2006,ROCIO,1849,Mujer
2006,ANGELA,1836,Mujer
2006,ALEJANDRA,1630,Mujer
2006,INES,1626,Mujer
2006,NURIA,1467,Mujer
2006,ADRIANA,1381,Mujer
2006,SANDRA,1369,Mujer
2006,LAIA,1344,Mujer
2006,CANDELA,1336,Mujer
2006,ARIADNA,1254,Mujer
2006,MARTINA,1223,Mujer
2006,CELIA,1199,Mujer
2006,ALICIA,1167,Mujer
2006,CLARA,1157,Mujer
2006,AINARA,1140,Mujer
2006,EVA,1112,Mujer
2006,NOA,1106,Mujer
2006,NOELIA,1078,Mujer
2006,CARLOTA,1074,Mujer
2006,MIRIAM,1051,Mujer
2006,PATRICIA,1047,Mujer
2006,BLANCA,1040,Mujer
2006,ISABEL,1019,Mujer
2006,SILVIA,1010,Mujer
2006,RAQUEL,991,Mujer
2006,LORENA,969,Mujer
2006,CAROLINA,882,Mujer
2006,JIMENA,845,Mujer
2006,LIDIA,826,Mujer
2006,AROA,812,Mujer
2006,EMMA,807,Mujer
2006,VALERIA,784,Mujer
2006,HELENA,775,Mujer
2006,VICTORIA,768,Mujer
2006,MAR,756,Mujer
2006,BEATRIZ,740,Mujer
2006,JUDITH,725,Mujer
2006,NAIARA,717,Mujer
2006,MIREIA,682,Mujer
2006,PAOLA,679,Mujer
2006,LOLA,653,Mujer
2006,AINA,642,Mujer
2006,ANNA,640,Mujer
2006,SARAY,639,Mujer
2006,NAYARA,621,Mujer
2006,ERIKA,620,Mujer
2006,LARA,618,Mujer
2006,LEIRE,618,Mujer
2006,NORA,613,Mujer
2006,ANA MARIA,605,Mujer
2006,BERTA,605,Mujer
2006,LUNA,578,Mujer
2006,GABRIELA,569,Mujer
2006,ESTHER,567,Mujer
2006,YAIZA,566,Mujer
2006,ELSA,564,Mujer
2006,ABRIL,561,Mujer
2006,YANIRA,548,Mujer
2006,MONICA,542,Mujer
2006,SALMA,532,Mujer
2006,DIANA,518,Mujer
2006,AFRICA,515,Mujer
2006,TANIA,504,Mujer
2006,IRIA,483,Mujer
2006,SHEILA,471,Mujer
2006,FATIMA,466,Mujer
2006,LEYRE,465,Mujer
2006,TERESA,452,Mujer
2006,AYA,440,Mujer
2006,NADIA,437,Mujer
2006,SONIA,418,Mujer
2006,JANA,404,Mujer
2006,REBECA,403,Mujer
2006,MARIA DEL CARMEN,396,Mujer
2006,SORAYA,395,Mujer
2006,ZAIRA,394,Mujer
2006,GEMA,393,Mujer
2007,DANIEL,6755,Hombre
2007,ALEJANDRO,6739,Hombre
2007,PABLO,5606,Hombre
2007,DAVID,5507,Hombre
2007,ADRIAN,5038,Hombre
2007,ALVARO,4892,Hombre
2007,HUGO,4331,Hombre
2007,JAVIER,4148,Hombre
2007,DIEGO,3553,Hombre
2007,SERGIO,3530,Hombre
2007,MARCOS,3113,Hombre
2007,JORGE,2939,Hombre
2007,IVAN,2895,Hombre
2007,CARLOS,2852,Hombre
2007,MANUEL,2781,Hombre
2007,MARIO,2736,Hombre
2007,MIGUEL,2567,Hombre
2007,IKER,2509,Hombre
2007,RUBEN,2318,Hombre
2007,ANTONIO,2291,Hombre
2007,RAUL,2239,Hombre
2007,VICTOR,2041,Hombre
2007,JUAN,2028,Hombre
2007,MARC,1966,Hombre
2007,LUCAS,1941,Hombre
2007,ALEX,1865,Hombre
2007,HECTOR,1841,Hombre
2007,SAMUEL,1836,Hombre
2007,NICOLAS,1798,Hombre
2007,JESUS,1687,Hombre
2007,GUILLERMO,1631,Hombre
2007,ANGEL,1618,Hombre
2007,ALBERTO,1565,Hombre
2007,GONZALO,1511,Hombre
2007,IZAN,1508,Hombre
2007,JOSE,1475,Hombre
2007,FRANCISCO,1458,Hombre
2007,JAIME,1447,Hombre
2007,OSCAR,1418,Hombre
2007,PAU,1404,Hombre
2007,RODRIGO,1333,Hombre
2007,GABRIEL,1332,Hombre
2007,ISMAEL,1329,Hombre
2007,AARON,1312,Hombre
2007,LUIS,1230,Hombre
2007,AITOR,1208,Hombre
2007,PEDRO,1196,Hombre
2007,JOEL,1085,Hombre
2007,RAFAEL,1083,Hombre
2007,MIGUEL ANGEL,1079,Hombre
2007,IGNACIO,1058,Hombre
2007,ERIC,1049,Hombre
2007,FERNANDO,1031,Hombre
2007,MOHAMED,977,Hombre
2007,POL,952,Hombre
2007,CRISTIAN,951,Hombre
2007,ANDRES,940,Hombre
2007,MARTIN,939,Hombre
2007,UNAI,914,Hombre
2007,DARIO,909,Hombre
2007,FRANCISCO JAVIER,892,Hombre
2007,ARNAU,887,Hombre
2007,JOAN,878,Hombre
2007,ADAM,868,Hombre
2007,JOSE ANTONIO,847,Hombre
2007,MATEO,838,Hombre
2007,ASIER,817,Hombre
2007,SANTIAGO,817,Hombre
2007,JOSE MANUEL,800,Hombre
2007,EDUARDO,799,Hombre
2007,ROBERTO,728,Hombre
2007,MARCO,723,Hombre
2007,ENRIQUE,712,Hombre
2007,JORDI,641,Hombre
2007,JAN,635,Hombre
2007,MARTI,619,Hombre
2007,ORIOL,592,Hombre
2007,ADRIA,588,Hombre
2007,JUAN JOSE,586,Hombre
2007,BRUNO,575,Hombre
2007,JOSE LUIS,573,Hombre
2007,BIEL,547,Hombre
2007,YERAY,534,Hombre
2007,GERARD,531,Hombre
2007,GUILLEM,528,Hombre
2007,ERIK,503,Hombre
2007,KEVIN,503,Hombre
2007,SERGI,499,Hombre
2007,SAUL,496,Hombre
2007,JOAQUIN,494,Hombre
2007,JUAN MANUEL,488,Hombre
2007,JOSE MARIA,486,Hombre
2007,CHRISTIAN,472,Hombre
2007,ALEIX,471,Hombre
2007,ISAAC,470,Hombre
2007,JUAN ANTONIO,465,Hombre
2007,CESAR,461,Hombre
2007,AIMAR,458,Hombre
2007,ANDER,443,Hombre
2007,XAVIER,442,Hombre
2007,LUCIA,8192,Mujer
2007,MARIA,6927,Mujer
2007,PAULA,6402,Mujer
2007,SARA,4606,Mujer
2007,LAURA,4335,Mujer
2007,CLAUDIA,4122,Mujer
2007,IRENE,3959,Mujer
2007,MARTA,3900,Mujer
2007,ALBA,3883,Mujer
2007,CARLA,3638,Mujer
2007,ANDREA,2890,Mujer
2007,JULIA,2624,Mujer
2007,ANA,2606,Mujer
2007,SOFIA,2577,Mujer
2007,NEREA,2570,Mujer
2007,DANIELA,2508,Mujer
2007,NATALIA,2423,Mujer
2007,CARMEN,2382,Mujer
2007,ELENA,2281,Mujer
2007,ROCIO,1865,Mujer
2007,AINHOA,1843,Mujer
2007,AITANA,1799,Mujer
2007,MARINA,1769,Mujer
2007,INES,1745,Mujer
2007,ANGELA,1729,Mujer
2007,CRISTINA,1684,Mujer
2007,MARTINA,1639,Mujer
2007,ALEJANDRA,1610,Mujer
2007,ADRIANA,1546,Mujer
2007,NOA,1521,Mujer
2007,CANDELA,1401,Mujer
2007,NURIA,1319,Mujer
2007,ARIADNA,1250,Mujer
2007,LAIA,1201,Mujer
2007,CELIA,1182,Mujer
2007,AINARA,1159,Mujer
2007,CLARA,1152,Mujer
2007,SANDRA,1138,Mujer
2007,CARLOTA,1135,Mujer
2007,BLANCA,1132,Mujer
2007,ALICIA,1085,Mujer
2007,EVA,1037,Mujer
2007,MIRIAM,1017,Mujer
2007,VALERIA,1015,Mujer
2007,CAROLINA,961,Mujer
2007,EMMA,960,Mujer
2007,ISABEL,951,Mujer
2007,NAIARA,935,Mujer
2007,NOELIA,931,Mujer
2007,RAQUEL,929,Mujer
2007,SILVIA,918,Mujer
2007,JIMENA,906,Mujer
2007,LORENA,902,Mujer
2007,AROA,896,Mujer
2007,ERIKA,877,Mujer
2007,PATRICIA,873,Mujer
2007,VICTORIA,854,Mujer
2007,MAR,768,Mujer
2007,LOLA,756,Mujer
2007,PAOLA,682,Mujer
2007,LEIRE,665,Mujer
2007,JANA,661,Mujer
2007,NAYARA,659,Mujer
2007,NORA,654,Mujer
2007,GABRIELA,648,Mujer
2007,LIDIA,647,Mujer
2007,AINA,643,Mujer
2007,LARA,639,Mujer
2007,HELENA,629,Mujer
2007,SHEILA,614,Mujer
2007,MIREIA,613,Mujer
2007,ANNA,610,Mujer
2007,JUDITH,610,Mujer
2007,BERTA,594,Mujer
2007,SARAY,590,Mujer
2007,ELSA,565,Mujer
2007,LEYRE,565,Mujer
2007,YANIRA,564,Mujer
2007,BEATRIZ,558,Mujer
2007,LUNA,543,Mujer
2007,AFRICA,541,Mujer
2007,YAIZA,524,Mujer
2007,ANA MARIA,521,Mujer
2007,ABRIL,519,Mujer
2007,ESTHER,516,Mujer
2007,SALMA,512,Mujer
2007,AYA,509,Mujer
2007,MONICA,492,Mujer
2007,DIANA,466,Mujer
2007,TERESA,456,Mujer
2007,IRIA,449,Mujer
2007,FATIMA,442,Mujer
2007,NADIA,441,Mujer
2007,UXUE,426,Mujer
2007,NAHIA,422,Mujer
2007,REBECA,410,Mujer
2007,ALEXANDRA,397,Mujer
2007,MANUELA,387,Mujer
2007,ANE,372,Mujer
2007,ESTELA,368,Mujer
2008,DANIEL,6580,Hombre
2008,ALEJANDRO,6478,Hombre
2008,PABLO,5911,Hombre
2008,DAVID,5385,Hombre
2008,ADRIAN,5330,Hombre
2008,HUGO,5162,Hombre
2008,ALVARO,5034,Hombre
2008,JAVIER,4091,Hombre
2008,DIEGO,3506,Hombre
2008,SERGIO,3401,Hombre
2008,MARCOS,3182,Hombre
2008,IVAN,3161,Hombre
2008,IKER,3086,Hombre
2008,MANUEL,2918,Hombre
2008,MARIO,2856,Hombre
2008,JORGE,2826,Hombre
2008,CARLOS,2823,Hombre
2008,MIGUEL,2684,Hombre
2008,RUBEN,2439,Hombre
2008,ANTONIO,2316,Hombre
2008,RAUL,2254,Hombre
2008,LUCAS,2177,Hombre
2008,NICOLAS,2057,Hombre
2008,JUAN,2050,Hombre
2008,MARC,2028,Hombre
2008,VICTOR,2003,Hombre
2008,AITOR,1902,Hombre
2008,ANGEL,1902,Hombre
2008,ALEX,1896,Hombre
2008,HECTOR,1862,Hombre
2008,SAMUEL,1826,Hombre
2008,RODRIGO,1794,Hombre
2008,IZAN,1736,Hombre
2008,GUILLERMO,1693,Hombre
2008,JESUS,1693,Hombre
2008,GONZALO,1632,Hombre
2008,ALBERTO,1557,Hombre
2008,JOSE,1524,Hombre
2008,FRANCISCO,1512,Hombre
2008,AARON,1506,Hombre
2008,GABRIEL,1448,Hombre
2008,OSCAR,1423,Hombre
2008,JAIME,1406,Hombre
2008,PAU,1348,Hombre
2008,LUIS,1307,Hombre
2008,PEDRO,1256,Hombre
2008,ADAM,1227,Hombre
2008,ISMAEL,1211,Hombre
2008,RAFAEL,1179,Hombre
2008,MIGUEL ANGEL,1135,Hombre
2008,MOHAMED,1122,Hombre
2008,JOEL,1103,Hombre
2008,MARTIN,1088,Hombre
2008,FERNANDO,1058,Hombre
2008,IGNACIO,1055,Hombre
2008,ERIC,1030,Hombre
2008,DARIO,1008,Hombre
2008,ANDRES,981,Hombre
2008,UNAI,969,Hombre
2008,POL,960,Hombre
2008,MATEO,957,Hombre
2008,CRISTIAN,919,Hombre
2008,ARNAU,909,Hombre
2008,FRANCISCO JAVIER,875,Hombre
2008,ASIER,845,Hombre
2008,JOSE ANTONIO,842,Hombre
2008,JOSE MANUEL,834,Hombre
2008,JOAN,827,Hombre
2008,ENRIQUE,823,Hombre
2008,MARCO,800,Hombre
2008,BRUNO,796,Hombre
2008,SANTIAGO,792,Hombre
2008,EDUARDO,764,Hombre
2008,JAN,749,Hombre
2008,ROBERTO,720,Hombre
2008,JORDI,667,Hombre
2008,BIEL,664,Hombre
2008,MARTI,640,Hombre
2008,JUAN JOSE,631,Hombre
2008,ADRIA,606,Hombre
2008,ORIOL,589,Hombre
2008,SAUL,584,Hombre
2008,ISAAC,566,Hombre
2008,CHRISTIAN,542,Hombre
2008,JOSE LUIS,537,Hombre
2008,KEVIN,529,Hombre
2008,ERIK,522,Hombre
2008,JUAN MANUEL,518,Hombre
2008,YERAY,516,Hombre
2008,GUILLEM,501,Hombre
2008,GERARD,495,Hombre
2008,SERGI,486,Hombre
2008,ALEIX,485,Hombre
2008,ENEKO,476,Hombre
2008,CESAR,470,Hombre
2008,JUAN ANTONIO,467,Hombre
2008,AIMAR,464,Hombre
2008,ROGER,457,Hombre
2008,JOAQUIN,446,Hombre
2008,JOSE MARIA,446,Hombre
2008,LUCIA,8013,Mujer
2008,MARIA,6883,Mujer
2008,PAULA,6806,Mujer
2008,SARA,4730,Mujer
2008,CARLA,4271,Mujer
2008,CLAUDIA,4095,Mujer
2008,LAURA,4023,Mujer
2008,MARTA,3927,Mujer
2008,IRENE,3759,Mujer
2008,ALBA,3706,Mujer
2008,SOFIA,3246,Mujer
2008,DANIELA,2953,Mujer
2008,JULIA,2866,Mujer
2008,ANDREA,2621,Mujer
2008,ANA,2503,Mujer
2008,CARMEN,2450,Mujer
2008,ELENA,2363,Mujer
2008,NEREA,2318,Mujer
2008,NATALIA,2162,Mujer
2008,MARTINA,2122,Mujer
2008,ROCIO,1936,Mujer
2008,MARINA,1928,Mujer
2008,AITANA,1816,Mujer
2008,ALEJANDRA,1783,Mujer
2008,NOA,1766,Mujer
2008,INES,1759,Mujer
2008,AINHOA,1757,Mujer
2008,ANGELA,1726,Mujer
2008,ADRIANA,1686,Mujer
2008,CRISTINA,1472,Mujer
2008,CELIA,1403,Mujer
2008,CANDELA,1369,Mujer
2008,LAIA,1341,Mujer
2008,NURIA,1306,Mujer
2008,AINARA,1289,Mujer
2008,ARIADNA,1289,Mujer
2008,CARLOTA,1271,Mujer
2008,EMMA,1250,Mujer
2008,ALICIA,1235,Mujer
2008,BLANCA,1209,Mujer
2008,VALERIA,1168,Mujer
2008,CLARA,1079,Mujer
2008,EVA,1073,Mujer
2008,MIRIAM,1071,Mujer
2008,NOELIA,1051,Mujer
2008,AROA,1025,Mujer
2008,SANDRA,1025,Mujer
2008,PATRICIA,1023,Mujer
2008,LEIRE,1018,Mujer
2008,CAROLINA,1018,Mujer
2008,ISABEL,964,Mujer
2008,JIMENA,960,Mujer
2008,ERIKA,957,Mujer
2008,VICTORIA,952,Mujer
2008,LOLA,948,Mujer
2008,SILVIA,886,Mujer
2008,NAIARA,872,Mujer
2008,RAQUEL,857,Mujer
2008,NORA,849,Mujer
2008,LORENA,792,Mujer
2008,NAYARA,759,Mujer
2008,PAOLA,723,Mujer
2008,AINA,699,Mujer
2008,LEYRE,691,Mujer
2008,JANA,673,Mujer
2008,AFRICA,671,Mujer
2008,LARA,670,Mujer
2008,MIREIA,662,Mujer
2008,SALMA,655,Mujer
2008,ANNA,652,Mujer
2008,MAR,646,Mujer
2008,GABRIELA,641,Mujer
2008,BERTA,639,Mujer
2008,ABRIL,634,Mujer
2008,ELSA,624,Mujer
2008,HELENA,609,Mujer
2008,LIDIA,605,Mujer
2008,AYA,602,Mujer
2008,ANA MARIA,574,Mujer
2008,SHEILA,562,Mujer
2008,BEATRIZ,555,Mujer
2008,JUDITH,548,Mujer
2008,FATIMA,543,Mujer
2008,YAIZA,531,Mujer
2008,ESTHER,523,Mujer
2008,DIANA,513,Mujer
2008,LUNA,512,Mujer
2008,TERESA,482,Mujer
2008,IRIA,473,Mujer
2008,MONICA,472,Mujer
2008,NADIA,470,Mujer
2008,SARAY,469,Mujer
2008,SONIA,456,Mujer
2008,ALEXIA,440,Mujer
2008,NAHIA,433,Mujer
2008,MANUELA,431,Mujer
2008,NOEMI,429,Mujer
2008,NAIA,422,Mujer
2008,ESTELA,418,Mujer
2008,ANE,395,Mujer
2009,DANIEL,6227,Hombre
2009,ALEJANDRO,5895,Hombre
2009,PABLO,5700,Hombre
2009,HUGO,5205,Hombre
2009,ALVARO,4842,Hombre
2009,ADRIAN,4799,Hombre
2009,DAVID,4689,Hombre
2009,JAVIER,3619,Hombre
2009,SERGIO,3279,Hombre
2009,DIEGO,3218,Hombre
2009,IVAN,3049,Hombre
2009,MARIO,2929,Hombre
2009,MARCOS,2916,Hombre
2009,IKER,2856,Hombre
2009,MANUEL,2727,Hombre
2009,CARLOS,2606,Hombre
2009,JORGE,2585,Hombre
2009,MIGUEL,2473,Hombre
2009,SAMUEL,2368,Hombre
2009,LUCAS,2286,Hombre
2009,RUBEN,2073,Hombre
2009,ANTONIO,2068,Hombre
2009,NICOLAS,2015,Hombre
2009,AITOR,1953,Hombre
2009,MARC,1948,Hombre
2009,VICTOR,1910,Hombre
2009,RAUL,1879,Hombre
2009,JUAN,1876,Hombre
2009,HECTOR,1872,Hombre
2009,ALEX,1819,Hombre
2009,ANGEL,1810,Hombre
2009,IZAN,1803,Hombre
2009,GONZALO,1711,Hombre
2009,RODRIGO,1545,Hombre
2009,GUILLERMO,1489,Hombre
2009,JESUS,1469,Hombre
2009,GABRIEL,1401,Hombre
2009,JOSE,1352,Hombre
2009,ALBERTO,1337,Hombre
2009,FRANCISCO,1331,Hombre
2009,ADAM,1321,Hombre
2009,PAU,1316,Hombre
2009,AARON,1292,Hombre
2009,MATEO,1289,Hombre
2009,JAIME,1269,Hombre
2009,MARTIN,1264,Hombre
2009,PEDRO,1259,Hombre
2009,OSCAR,1224,Hombre
2009,LUIS,1189,Hombre
2009,ISMAEL,1153,Hombre
2009,RAFAEL,1136,Hombre
2009,MOHAMED,1108,Hombre
2009,ERIC,1087,Hombre
2009,UNAI,1040,Hombre
2009,DARIO,966,Hombre
2009,FERNANDO,960,Hombre
2009,IGNACIO,954,Hombre
2009,POL,935,Hombre
2009,BRUNO,922,Hombre
2009,JOEL,917,Hombre
2009,MIGUEL ANGEL,905,Hombre
2009,CRISTIAN,898,Hombre
2009,ARNAU,875,Hombre
2009,ANDRES,862,Hombre
2009,ASIER,847,Hombre
2009,MARCO,817,Hombre
2009,JOAN,806,Hombre
2009,ERIK,791,Hombre
2009,FRANCISCO JAVIER,753,Hombre
2009,SANTIAGO,752,Hombre
2009,JOSE MANUEL,741,Hombre
2009,RAYAN,718,Hombre
2009,ENRIQUE,700,Hombre
2009,BIEL,678,Hombre
2009,JOSE ANTONIO,676,Hombre
2009,MARTI,674,Hombre
2009,SAUL,644,Hombre
2009,EDUARDO,642,Hombre
2009,ISAAC,630,Hombre
2009,JAN,626,Hombre
2009,JORDI,624,Hombre
2009,ROBERTO,624,Hombre
2009,ADRIA,584,Hombre
2009,ORIOL,560,Hombre
2009,GERARD,548,Hombre
2009,JUAN JOSE,506,Hombre
2009,GUILLEM,502,Hombre
2009,OMAR,492,Hombre
2009,CHRISTIAN,489,Hombre
2009,LEO,477,Hombre
2009,JUAN MANUEL,475,Hombre
2009,ALEIX,468,Hombre
2009,CESAR,467,Hombre
2009,ROGER,460,Hombre
2009,JOSE LUIS,458,Hombre
2009,YERAY,458,Hombre
2009,JOSE MARIA,447,Hombre
2009,SERGI,447,Hombre
2009,MIKEL,444,Hombre
2009,KEVIN,440,Hombre
2009,LUCIA,6847,Mujer
2009,PAULA,6549,Mujer
2009,MARIA,6113,Mujer
2009,SARA,4417,Mujer
2009,DANIELA,4279,Mujer
2009,CARLA,3976,Mujer
2009,CLAUDIA,3711,Mujer
2009,MARTA,3583,Mujer
2009,IRENE,3545,Mujer
2009,SOFIA,3449,Mujer
2009,ALBA,3377,Mujer
2009,LAURA,3263,Mujer
2009,JULIA,2707,Mujer
2009,CARMEN,2425,Mujer
2009,MARTINA,2353,Mujer
2009,ANA,2274,Mujer
2009,AITANA,2156,Mujer
2009,ELENA,2137,Mujer
2009,ANDREA,2107,Mujer
2009,ADRIANA,2056,Mujer
2009,AINHOA,2034,Mujer
2009,NEREA,2012,Mujer
2009,NATALIA,1787,Mujer
2009,NOA,1749,Mujer
2009,ALEJANDRA,1687,Mujer
2009,ARIADNA,1676,Mujer
2009,ROCIO,1633,Mujer
2009,INES,1613,Mujer
2009,ANGELA,1600,Mujer
2009,MARINA,1580,Mujer
2009,LEIRE,1509,Mujer
2009,LAIA,1375,Mujer
2009,AINARA,1283,Mujer
2009,CRISTINA,1279,Mujer
2009,CARLOTA,1264,Mujer
2009,CELIA,1263,Mujer
2009,CANDELA,1252,Mujer
2009,VALERIA,1198,Mujer
2009,BLANCA,1185,Mujer
2009,EMMA,1174,Mujer
2009,CLARA,1124,Mujer
2009,NURIA,1120,Mujer
2009,ALICIA,1111,Mujer
2009,LOLA,1032,Mujer
2009,JIMENA,990,Mujer
2009,EVA,981,Mujer
2009,VICTORIA,962,Mujer
2009,LEYRE,945,Mujer
2009,MIRIAM,943,Mujer
2009,AROA,940,Mujer
2009,NAIARA,933,Mujer
2009,CAROLINA,925,Mujer
2009,NOELIA,875,Mujer
2009,NORA,854,Mujer
2009,SANDRA,820,Mujer
2009,ISABEL,817,Mujer
2009,SILVIA,799,Mujer
2009,PATRICIA,795,Mujer
2009,RAQUEL,751,Mujer
2009,AYA,717,Mujer
2009,ERIKA,716,Mujer
2009,NAYARA,686,Mujer
2009,MAR,672,Mujer
2009,GABRIELA,665,Mujer
2009,LARA,642,Mujer
2009,AINA,640,Mujer
2009,ELSA,635,Mujer
2009,LORENA,611,Mujer
2009,MIREIA,592,Mujer
2009,ABRIL,590,Mujer
2009,BERTA,583,Mujer
2009,AFRICA,573,Mujer
2009,SALMA,568,Mujer
2009,PAOLA,564,Mujer
2009,JANA,559,Mujer
2009,LIDIA,555,Mujer
2009,ANNA,529,Mujer
2009,BEATRIZ,515,Mujer
2009,MALAK,506,Mujer
2009,DIANA,496,Mujer
2009,GISELA,490,Mujer
2009,HELENA,484,Mujer
2009,FATIMA,470,Mujer
2009,IRIA,464,Mujer
2009,YAIZA,463,Mujer
2009,LUNA,444,Mujer
2009,NAIA,442,Mujer
2009,NADIA,435,Mujer
2009,SHEILA,424,Mujer
2009,JUDITH,416,Mujer
2009,MANUELA,415,Mujer
2009,SARAY,415,Mujer
2009,ANA MARIA,414,Mujer
2009,IRIS,411,Mujer
2009,MARA,406,Mujer
2009,MONICA,406,Mujer
2009,VALENTINA,406,Mujer
2009,ESTHER,399,Mujer
2009,NAHIA,392,Mujer
2009,ALEXANDRA,370,Mujer
2010,DANIEL,6020,Hombre
2010,ALEJANDRO,6006,Hombre
2010,PABLO,5243,Hombre
2010,HUGO,5135,Hombre
2010,ALVARO,4630,Hombre
2010,ADRIAN,4522,Hombre
2010,DAVID,4424,Hombre
2010,JAVIER,3453,Hombre
2010,DIEGO,3424,Hombre
2010,MARIO,2915,Hombre
2010,MARCOS,2901,Hombre
2010,SERGIO,2843,Hombre
2010,IKER,2795,Hombre
2010,IVAN,2654,Hombre
2010,MANUEL,2529,Hombre
2010,JORGE,2404,Hombre
2010,AITOR,2362,Hombre
2010,MIGUEL,2324,Hombre
2010,CARLOS,2301,Hombre
2010,SAMUEL,2274,Hombre
2010,LUCAS,2265,Hombre
2010,NICOLAS,2100,Hombre
2010,RUBEN,1958,Hombre
2010,MARC,1948,Hombre
2010,IZAN,1931,Hombre
2010,ANTONIO,1920,Hombre
2010,GONZALO,1905,Hombre
2010,ALEX,1847,Hombre
2010,JUAN,1802,Hombre
2010,VICTOR,1801,Hombre
2010,HECTOR,1785,Hombre
2010,RAUL,1775,Hombre
2010,ANGEL,1771,Hombre
2010,MATEO,1505,Hombre
2010,GABRIEL,1501,Hombre
2010,MARTIN,1474,Hombre
2010,GUILLERMO,1440,Hombre
2010,RODRIGO,1421,Hombre
2010,JESUS,1416,Hombre
2010,AARON,1407,Hombre
2010,ADAM,1377,Hombre
2010,ALBERTO,1333,Hombre
2010,JOSE,1301,Hombre
2010,PAU,1259,Hombre
2010,JAIME,1251,Hombre
2010,PEDRO,1233,Hombre
2010,DARIO,1206,Hombre
2010,FRANCISCO,1203,Hombre
2010,ERIC,1194,Hombre
2010,OSCAR,1133,Hombre
2010,LUIS,1095,Hombre
2010,UNAI,1091,Hombre
2010,MOHAMED,1079,Hombre
2010,ISMAEL,1064,Hombre
2010,RAFAEL,1057,Hombre
2010,BRUNO,973,Hombre
2010,FERNANDO,924,Hombre
2010,JOEL,906,Hombre
2010,POL,898,Hombre
2010,IGNACIO,888,Hombre
2010,ANDRES,874,Hombre
2010,ASIER,853,Hombre
2010,CRISTIAN,847,Hombre
2010,ARNAU,833,Hombre
2010,RAYAN,821,Hombre
2010,MIGUEL ANGEL,803,Hombre
2010,MARCO,801,Hombre
2010,ERIK,769,Hombre
2010,JOAN,762,Hombre
2010,SANTIAGO,746,Hombre
2010,BIEL,707,Hombre
2010,JOSE ANTONIO,704,Hombre
2010,MARTI,702,Hombre
2010,GERARD,672,Hombre
2010,ENRIQUE,657,Hombre
2010,JOSE MANUEL,656,Hombre
2010,JAN,649,Hombre
2010,FRANCISCO JAVIER,639,Hombre
2010,EDUARDO,637,Hombre
2010,LEO,616,Hombre
2010,ROBERTO,605,Hombre
2010,JORDI,592,Hombre
2010,ISAAC,587,Hombre
2010,ALONSO,584,Hombre
2010,SAUL,558,Hombre
2010,OLIVER,547,Hombre
2010,OMAR,525,Hombre
2010,ORIOL,520,Hombre
2010,ADRIA,495,Hombre
2010,ALEIX,479,Hombre
2010,GUILLEM,474,Hombre
2010,IAN,466,Hombre
2010,CESAR,459,Hombre
2010,YERAY,458,Hombre
2010,MIKEL,454,Hombre
2010,JUAN JOSE,442,Hombre
2010,JON,436,Hombre
2010,NIL,425,Hombre
2010,ARTURO,419,Hombre
2010,JOAQUIN,419,Hombre
2010,LUCIA,6624,Mujer
2010,PAULA,5859,Mujer
2010,MARIA,5767,Mujer
2010,DANIELA,4680,Mujer
2010,SARA,4662,Mujer
2010,CARLA,3711,Mujer
2010,CLAUDIA,3635,Mujer
2010,SOFIA,3528,Mujer
2010,ALBA,3440,Mujer
2010,IRENE,3318,Mujer
2010,MARTA,3205,Mujer
2010,LAURA,3157,Mujer
2010,JULIA,2985,Mujer
2010,MARTINA,2877,Mujer
2010,CARMEN,2390,Mujer
2010,ADRIANA,2344,Mujer
2010,AITANA,2190,Mujer
2010,ELENA,2169,Mujer
2010,ANA,2140,Mujer
2010,NOA,2030,Mujer
2010,NEREA,1906,Mujer
2010,ALEJANDRA,1805,Mujer
2010,AINHOA,1780,Mujer
2010,ANDREA,1738,Mujer
2010,NATALIA,1659,Mujer
2010,INES,1645,Mujer
2010,MARINA,1544,Mujer
2010,ARIADNA,1522,Mujer
2010,ROCIO,1498,Mujer
2010,ANGELA,1470,Mujer
2010,LEIRE,1374,Mujer
2010,VALERIA,1340,Mujer
2010,LAIA,1299,Mujer
2010,AINARA,1297,Mujer
2010,EMMA,1257,Mujer
2010,CELIA,1232,Mujer
2010,CANDELA,1219,Mujer
2010,BLANCA,1213,Mujer
2010,CARLOTA,1212,Mujer
2010,LOLA,1163,Mujer
2010,ALICIA,1148,Mujer
2010,JIMENA,1147,Mujer
2010,CRISTINA,1138,Mujer
2010,NORA,1078,Mujer
2010,NURIA,1021,Mujer
2010,CLARA,1004,Mujer
2010,AROA,966,Mujer
2010,EVA,965,Mujer
2010,CAROLINA,919,Mujer
2010,VICTORIA,908,Mujer
2010,LEYRE,905,Mujer
2010,NOELIA,837,Mujer
2010,NAIARA,792,Mujer
2010,MIRIAM,792,Mujer
2010,ISABEL,792,Mujer
2010,SANDRA,739,Mujer
2010,AINA,734,Mujer
2010,AYA,696,Mujer
2010,LARA,685,Mujer
2010,PATRICIA,682,Mujer
2010,SILVIA,671,Mujer
2010,MALAK,671,Mujer
2010,ERIKA,670,Mujer
2010,GABRIELA,668,Mujer
2010,AFRICA,655,Mujer
2010,NAYARA,644,Mujer
2010,MAR,618,Mujer
2010,ABRIL,618,Mujer
2010,BERTA,606,Mujer
2010,ELSA,585,Mujer
2010,RAQUEL,565,Mujer
2010,HELENA,564,Mujer
2010,PAOLA,563,Mujer
2010,MIREIA,537,Mujer
2010,SALMA,535,Mujer
2010,OLIVIA,514,Mujer
2010,VEGA,505,Mujer
2010,LIDIA,503,Mujer
2010,NAIA,498,Mujer
2010,ALMA,493,Mujer
2010,IRIA,488,Mujer
2010,LORENA,485,Mujer
2010,ANNA,483,Mujer
2010,DIANA,463,Mujer
2010,JANA,461,Mujer
2010,LUNA,460,Mujer
2010,FATIMA,457,Mujer
2010,BEATRIZ,450,Mujer
2010,SARAY,445,Mujer
2010,YAIZA,440,Mujer
2010,MANUELA,417,Mujer
2010,VALENTINA,413,Mujer
2010,MARA,409,Mujer
2010,ALEXIA,404,Mujer
2010,ESTHER,399,Mujer
2010,NADIA,390,Mujer
2010,IRIS,386,Mujer
2010,ALEXANDRA,385,Mujer
2010,ANA MARIA,383,Mujer
2010,TERESA,375,Mujer
2010,MONICA,375,Mujer
2011,ALEJANDRO,5879,Hombre
2011,DANIEL,5858,Hombre
2011,PABLO,4980,Hombre
2011,HUGO,4871,Hombre
2011,ALVARO,4372,Hombre
2011,ADRIAN,4248,Hombre
2011,DAVID,4167,Hombre
2011,DIEGO,3361,Hombre
2011,JAVIER,3325,Hombre
2011,MARIO,3047,Hombre
2011,SERGIO,2775,Hombre
2011,MARCOS,2722,Hombre
2011,MANUEL,2556,Hombre
2011,IKER,2535,Hombre
2011,NICOLAS,2444,Hombre
2011,JORGE,2330,Hombre
2011,IVAN,2277,Hombre
2011,CARLOS,2237,Hombre
2011,MIGUEL,2136,Hombre
2011,LUCAS,2122,Hombre
2011,RUBEN,2067,Hombre
2011,AITOR,2007,Hombre
2011,MARC,1947,Hombre
2011,ANTONIO,1890,Hombre
2011,GONZALO,1836,Hombre
2011,IZAN,1801,Hombre
2011,SAMUEL,1791,Hombre
2011,ALEX,1782,Hombre
2011,JUAN,1725,Hombre
2011,ANGEL,1686,Hombre
2011,HECTOR,1685,Hombre
2011,VICTOR,1680,Hombre
2011,MARTIN,1632,Hombre
2011,MATEO,1606,Hombre
2011,RAUL,1603,Hombre
2011,GUILLERMO,1454,Hombre
2011,ERIC,1430,Hombre
2011,GABRIEL,1413,Hombre
2011,RODRIGO,1388,Hombre
2011,DARIO,1375,Hombre
2011,AARON,1350,Hombre
2011,ADAM,1325,Hombre
2011,JESUS,1291,Hombre
2011,JOSE,1243,Hombre
2011,FRANCISCO,1240,Hombre
2011,PEDRO,1228,Hombre
2011,ALBERTO,1216,Hombre
2011,JAIME,1208,Hombre
2011,PAU,1164,Hombre
2011,UNAI,1158,Hombre
2011,LEO,1097,Hombre
2011,BRUNO,1067,Hombre
2011,LUIS,1014,Hombre
2011,OSCAR,1012,Hombre
2011,JOEL,960,Hombre
2011,MARCO,946,Hombre
2011,MOHAMED,945,Hombre
2011,RAFAEL,937,Hombre
2011,ISMAEL,918,Hombre
2011,ANDRES,900,Hombre
2011,FERNANDO,855,Hombre
2011,IGNACIO,836,Hombre
2011,ARNAU,802,Hombre
2011,ASIER,795,Hombre
2011,POL,783,Hombre
2011,GERARD,781,Hombre
2011,CRISTIAN,760,Hombre
2011,MIGUEL ANGEL,751,Hombre
2011,ERIK,742,Hombre
2011,OLIVER,719,Hombre
2011,RAYAN,716,Hombre
2011,SANTIAGO,699,Hombre
2011,BIEL,695,Hombre
2011,MARTI,684,Hombre
2011,JOAN,682,Hombre
2011,ALONSO,677,Hombre
2011,JAN,630,Hombre
2011,ENRIQUE,611,Hombre
2011,EDUARDO,607,Hombre
2011,FRANCISCO JAVIER,595,Hombre
2011,JOSE ANTONIO,588,Hombre
2011,ISAAC,582,Hombre
2011,ORIOL,576,Hombre
2011,ROBERTO,555,Hombre
2011,ALEIX,551,Hombre
2011,SAUL,537,Hombre
2011,JOSE MANUEL,532,Hombre
2011,NIL,524,Hombre
2011,ADRIA,520,Hombre
2011,YAGO,510,Hombre
2011,JORDI,500,Hombre
2011,IAN,482,Hombre
2011,OMAR,449,Hombre
2011,GUILLEM,443,Hombre
2011,CESAR,441,Hombre
2011,GAEL,439,Hombre
2011,YERAY,439,Hombre
2011,JON,431,Hombre
2011,ANDER,419,Hombre
2011,JUAN JOSE,418,Hombre
2011,LUCIA,6143,Mujer
2011,PAULA,5462,Mujer
2011,MARIA,5339,Mujer
2011,SARA,4345,Mujer
2011,DANIELA,4270,Mujer
2011,CARLA,3937,Mujer
2011,SOFIA,3445,Mujer
2011,ALBA,3329,Mujer
2011,CLAUDIA,3323,Mujer
2011,MARTINA,3315,Mujer
2011,JULIA,3101,Mujer
2011,MARTA,2979,Mujer
2011,IRENE,2909,Mujer
2011,LAURA,2739,Mujer
2011,VALERIA,2566,Mujer
2011,CARMEN,2472,Mujer
2011,ADRIANA,2437,Mujer
2011,ELENA,2258,Mujer
2011,NOA,2129,Mujer
2011,ANA,2072,Mujer
2011,AINHOA,1983,Mujer
2011,NEREA,1944,Mujer
2011,AITANA,1918,Mujer
2011,ALEJANDRA,1875,Mujer
2011,INES,1647,Mujer
2011,MARINA,1606,Mujer
2011,EMMA,1569,Mujer
2011,NATALIA,1565,Mujer
2011,ANDREA,1517,Mujer
2011,ROCIO,1445,Mujer
2011,LAIA,1422,Mujer
2011,ARIADNA,1417,Mujer
2011,ANGELA,1332,Mujer
2011,AINARA,1318,Mujer
2011,CARLOTA,1282,Mujer
2011,JIMENA,1261,Mujer
2011,LOLA,1252,Mujer
2011,CANDELA,1250,Mujer
2011,ALICIA,1203,Mujer
2011,CELIA,1185,Mujer
2011,BLANCA,1140,Mujer
2011,LEIRE,1080,Mujer
2011,CRISTINA,1046,Mujer
2011,CLARA,1010,Mujer
2011,NORA,1009,Mujer
2011,NURIA,909,Mujer
2011,EVA,907,Mujer
2011,AROA,902,Mujer
2011,VICTORIA,887,Mujer
2011,CAROLINA,812,Mujer
2011,ISABEL,771,Mujer
2011,NOELIA,722,Mujer
2011,AINA,715,Mujer
2011,NAIARA,697,Mujer
2011,MAR,687,Mujer
2011,ELSA,678,Mujer
2011,OLIVIA,677,Mujer
2011,ABRIL,662,Mujer
2011,LEYRE,661,Mujer
2011,MIRIAM,644,Mujer
2011,GABRIELA,640,Mujer
2011,VEGA,636,Mujer
2011,ALMA,631,Mujer
2011,ERIKA,621,Mujer
2011,SILVIA,621,Mujer
2011,LARA,608,Mujer
2011,SANDRA,606,Mujer
2011,AFRICA,596,Mujer
2011,HELENA,577,Mujer
2011,AYA,574,Mujer
2011,PATRICIA,565,Mujer
2011,BERTA,563,Mujer
2011,VALENTINA,559,Mujer
2011,MIREIA,541,Mujer
2011,NAYARA,515,Mujer
2011,SALMA,511,Mujer
2011,RAQUEL,505,Mujer
2011,PAOLA,501,Mujer
2011,NAIA,498,Mujer
2011,IRIA,481,Mujer
2011,VERA,479,Mujer
2011,ALEXIA,473,Mujer
2011,ANNA,473,Mujer
2011,MALAK,463,Mujer
2011,MANUELA,460,Mujer
2011,JANA,439,Mujer
2011,DIANA,438,Mujer
2011,ALEXANDRA,437,Mujer
2011,NAHIA,435,Mujer
2011,LIDIA,421,Mujer
2011,MARA,421,Mujer
2011,ANE,414,Mujer
2011,TERESA,409,Mujer
2011,FATIMA,400,Mujer
2011,YAIZA,400,Mujer
2011,ZOE,400,Mujer
2011,BEATRIZ,391,Mujer
2011,ONA,388,Mujer
2011,NADIA,387,Mujer
2011,LUNA,384,Mujer
2012,DANIEL,6234,Hombre
2012,HUGO,5984,Hombre
2012,ALEJANDRO,5744,Hombre
2012,PABLO,5658,Hombre
2012,ALVARO,5111,Hombre
2012,ADRIAN,4698,Hombre
2012,DAVID,4369,Hombre
2012,DIEGO,3619,Hombre
2012,MARIO,3575,Hombre
2012,JAVIER,3371,Hombre
2012,MARCOS,2897,Hombre
2012,MANUEL,2888,Hombre
2012,SERGIO,2840,Hombre
2012,NICOLAS,2808,Hombre
2012,IKER,2694,Hombre
2012,LUCAS,2651,Hombre
2012,IVAN,2447,Hombre
2012,CARLOS,2416,Hombre
2012,MIGUEL,2338,Hombre
2012,JORGE,2304,Hombre
2012,MARTIN,2225,Hombre
2012,MARC,2188,Hombre
2012,ALEX,2058,Hombre
2012,MATEO,2032,Hombre
2012,GONZALO,2029,Hombre
2012,IZAN,2014,Hombre
2012,RUBEN,1999,Hombre
2012,ANTONIO,1971,Hombre
2012,JUAN,1961,Hombre
2012,LEO,1931,Hombre
2012,ANGEL,1890,Hombre
2012,VICTOR,1844,Hombre
2012,SAMUEL,1834,Hombre
2012,AITOR,1781,Hombre
2012,RAUL,1710,Hombre
2012,HECTOR,1630,Hombre
2012,GABRIEL,1568,Hombre
2012,ERIC,1563,Hombre
2012,GUILLERMO,1533,Hombre
2012,RODRIGO,1491,Hombre
2012,ADAM,1446,Hombre
2012,DARIO,1417,Hombre
2012,JESUS,1413,Hombre
2012,JOSE,1363,Hombre
2012,AARON,1307,Hombre
2012,JAIME,1307,Hombre
2012,PEDRO,1242,Hombre
2012,ALBERTO,1239,Hombre
2012,BRUNO,1236,Hombre
2012,JOEL,1233,Hombre
2012,FRANCISCO,1226,Hombre
2012,MARCO,1211,Hombre
2012,PAU,1197,Hombre
2012,LUIS,1177,Hombre
2012,UNAI,1166,Hombre
2012,OSCAR,1049,Hombre
2012,RAFAEL,1030,Hombre
2012,MOHAMED,966,Hombre
2012,FERNANDO,955,Hombre
2012,ISMAEL,944,Hombre
2012,ANDRES,926,Hombre
2012,ERIK,921,Hombre
2012,ASIER,918,Hombre
2012,GERARD,869,Hombre
2012,IGNACIO,859,Hombre
2012,ALONSO,856,Hombre
2012,ARNAU,830,Hombre
2012,POL,829,Hombre
2012,BIEL,789,Hombre
2012,CRISTIAN,783,Hombre
2012,OLIVER,781,Hombre
2012,RAYAN,779,Hombre
2012,JOAN,752,Hombre
2012,SANTIAGO,710,Hombre
2012,MARTI,709,Hombre
2012,JAN,698,Hombre
2012,MIGUEL ANGEL,698,Hombre
2012,NIL,631,Hombre
2012,JOSE ANTONIO,628,Hombre
2012,ISAAC,624,Hombre
2012,ORIOL,620,Hombre
2012,ROBERTO,618,Hombre
2012,ALEIX,599,Hombre
2012,ENRIQUE,598,Hombre
2012,EDUARDO,590,Hombre
2012,IAN,586,Hombre
2012,JOSE MANUEL,579,Hombre
2012,ANDER,573,Hombre
2012,JORDI,564,Hombre
2012,SAUL,560,Hombre
2012,FRANCISCO JAVIER,547,Hombre
2012,YAGO,547,Hombre
2012,CESAR,539,Hombre
2012,ADRIA,525,Hombre
2012,OMAR,523,Hombre
2012,YERAY,517,Hombre
2012,GAEL,501,Hombre
2012,JON,493,Hombre
2012,MIKEL,485,Hombre
2012,GUILLEM,479,Hombre
2012,LUCIA,6363,Mujer
2012,MARIA,5823,Mujer
2012,PAULA,5375,Mujer
2012,DANIELA,4748,Mujer
2012,SARA,4456,Mujer
2012,CARLA,4193,Mujer
2012,MARTINA,3995,Mujer
2012,SOFIA,3822,Mujer
2012,JULIA,3784,Mujer
2012,ALBA,3633,Mujer
2012,VALERIA,3612,Mujer
2012,CLAUDIA,3584,Mujer
2012,IRENE,3105,Mujer
2012,MARTA,2964,Mujer
2012,LAURA,2825,Mujer
2012,NOA,2742,Mujer
2012,CARMEN,2700,Mujer
2012,ADRIANA,2434,Mujer
2012,AINHOA,2364,Mujer
2012,ELENA,2364,Mujer
2012,ANA,2268,Mujer
2012,AITANA,2104,Mujer
2012,EMMA,2085,Mujer
2012,ALEJANDRA,2083,Mujer
2012,NEREA,1943,Mujer
2012,MARINA,1784,Mujer
2012,ARIADNA,1716,Mujer
2012,INES,1677,Mujer
2012,LAIA,1647,Mujer
2012,ANDREA,1599,Mujer
2012,ROCIO,1575,Mujer
2012,AINARA,1521,Mujer
2012,ANGELA,1521,Mujer
2012,CARLOTA,1482,Mujer
2012,JIMENA,1420,Mujer
2012,LOLA,1408,Mujer
2012,CANDELA,1394,Mujer
2012,NATALIA,1348,Mujer
2012,CELIA,1329,Mujer
2012,VALENTINA,1300,Mujer
2012,ALICIA,1297,Mujer
2012,LEIRE,1278,Mujer
2012,BLANCA,1247,Mujer
2012,NORA,1194,Mujer
2012,EVA,1147,Mujer
2012,CLARA,1132,Mujer
2012,CRISTINA,1056,Mujer
2012,VICTORIA,990,Mujer
2012,AROA,947,Mujer
2012,LEYRE,947,Mujer
2012,VEGA,944,Mujer
2012,OLIVIA,939,Mujer
2012,NURIA,907,Mujer
2012,CAROLINA,894,Mujer
2012,NOELIA,821,Mujer
2012,ISABEL,819,Mujer
2012,AINA,812,Mujer
2012,ALMA,797,Mujer
2012,LARA,769,Mujer
2012,ABRIL,752,Mujer
2012,ELSA,740,Mujer
2012,MAR,724,Mujer
2012,MIRIAM,713,Mujer
2012,VERA,708,Mujer
2012,GABRIELA,701,Mujer
2012,NAIARA,672,Mujer
2012,SILVIA,661,Mujer
2012,BERTA,651,Mujer
2012,HELENA,633,Mujer
2012,AYA,604,Mujer
2012,SANDRA,596,Mujer
2012,ERIKA,580,Mujer
2012,NAIA,574,Mujer
2012,MANUELA,568,Mujer
2012,IRIA,565,Mujer
2012,AFRICA,556,Mujer
2012,RAQUEL,554,Mujer
2012,MIREIA,547,Mujer
2012,PAOLA,547,Mujer
2012,MARA,546,Mujer
2012,ANNA,535,Mujer
2012,ALEXIA,529,Mujer
2012,NAYARA,524,Mujer
2012,PATRICIA,524,Mujer
2012,ZOE,521,Mujer
2012,NAHIA,506,Mujer
2012,SALMA,494,Mujer
2012,MALAK,484,Mujer
2012,DIANA,471,Mujer
2012,NADIA,471,Mujer
2012,IRIS,461,Mujer
2012,JANA,461,Mujer
2012,ANE,459,Mujer
2012,LIDIA,440,Mujer
2012,CHLOE,418,Mujer
2012,ARLET,416,Mujer
2012,ONA,411,Mujer
2012,IRATI,405,Mujer
2012,JUDITH,401,Mujer
2012,LUNA,401,Mujer
2013,HUGO,5369,Hombre
2013,DANIEL,4931,Hombre
2013,PABLO,4658,Hombre
2013,ALEJANDRO,4354,Hombre
2013,ALVARO,3972,Hombre
2013,ADRIAN,3583,Hombre
2013,DAVID,3238,Hombre
2013,MARIO,2842,Hombre
2013,DIEGO,2828,Hombre
2013,JAVIER,2584,Hombre
2013,LUCAS,2560,Hombre
2013,NICOLAS,2408,Hombre
2013,MANUEL,2406,Hombre
2013,MARCOS,2272,Hombre
2013,IKER,2082,Hombre
2013,SERGIO,2034,Hombre
2013,IZAN,1977,Hombre
2013,JORGE,1947,Hombre
2013,CARLOS,1938,Hombre
2013,MARTIN,1910,Hombre
2013,LEO,1884,Hombre
2013,MIGUEL,1849,Hombre
2013,MARC,1792,Hombre
2013,MATEO,1774,Hombre
2013,ALEX,1742,Hombre
2013,GONZALO,1672,Hombre
2013,ANTONIO,1627,Hombre
2013,IVAN,1599,Hombre
2013,JUAN,1580,Hombre
2013,ANGEL,1501,Hombre
2013,RUBEN,1463,Hombre
2013,VICTOR,1436,Hombre
2013,HECTOR,1401,Hombre
2013,SAMUEL,1394,Hombre
2013,AITOR,1310,Hombre
2013,ERIC,1275,Hombre
2013,GABRIEL,1257,Hombre
2013,JOEL,1225,Hombre
2013,RAUL,1224,Hombre
2013,JOSE,1205,Hombre
2013,RODRIGO,1205,Hombre
2013,ADAM,1190,Hombre
2013,GUILLERMO,1152,Hombre
2013,DARIO,1135,Hombre
2013,JESUS,1103,Hombre
2013,ERIK,1073,Hombre
2013,BRUNO,1066,Hombre
2013,MARCO,1065,Hombre
2013,FRANCISCO,1056,Hombre
2013,AARON,1023,Hombre
2013,PAU,998,Hombre
2013,PEDRO,998,Hombre
2013,ALBERTO,950,Hombre
2013,JAIME,940,Hombre
2013,ENZO,929,Hombre
2013,LUIS,891,Hombre
2013,OLIVER,859,Hombre
2013,ASIER,853,Hombre
2013,RAFAEL,827,Hombre
2013,UNAI,823,Hombre
2013,POL,791,Hombre
2013,MOHAMED,781,Hombre
2013,OSCAR,766,Hombre
2013,ANDRES,754,Hombre
2013,BIEL,742,Hombre
2013,ISMAEL,717,Hombre
2013,FERNANDO,700,Hombre
2013,ARNAU,680,Hombre
2013,RAYAN,644,Hombre
2013,ALONSO,642,Hombre
2013,MARTI,633,Hombre
2013,GERARD,632,Hombre
2013,IAN,628,Hombre
2013,JAN,622,Hombre
2013,IGNACIO,615,Hombre
2013,MIGUEL ANGEL,612,Hombre
2013,CRISTIAN,610,Hombre
2013,SANTIAGO,587,Hombre
2013,GAEL,576,Hombre
2013,NIL,575,Hombre
2013,JOAN,570,Hombre
2013,THIAGO,538,Hombre
2013,ENRIQUE,515,Hombre
2013,ISAAC,512,Hombre
2013,SAUL,508,Hombre
2013,JOSE ANTONIO,495,Hombre
2013,YAGO,479,Hombre
2013,JOSE MANUEL,476,Hombre
2013,ROBERTO,471,Hombre
2013,EDUARDO,467,Hombre
2013,OMAR,463,Hombre
2013,ALEIX,453,Hombre
2013,LUCA,452,Hombre
2013,ORIOL,445,Hombre
2013,JORDI,443,Hombre
2013,FRANCISCO JAVIER,431,Hombre
2013,ANDER,420,Hombre
2013,JON,419,Hombre
2013,YERAY,402,Hombre
2013,DYLAN,398,Hombre
2013,LUCIA,5206,Mujer
2013,MARIA,4931,Mujer
2013,PAULA,4359,Mujer
2013,DANIELA,3818,Mujer
2013,MARTINA,3620,Mujer
2013,CARLA,3439,Mujer
2013,SARA,3319,Mujer
2013,SOFIA,3304,Mujer
2013,VALERIA,3221,Mujer
2013,JULIA,3206,Mujer
2013,ALBA,3063,Mujer
2013,CLAUDIA,2648,Mujer
2013,NOA,2627,Mujer
2013,MARTA,2219,Mujer
2013,IRENE,2102,Mujer
2013,EMMA,2099,Mujer
2013,CARMEN,2084,Mujer
2013,LAURA,2000,Mujer
2013,ANA,1831,Mujer
2013,AINHOA,1817,Mujer
2013,ELENA,1777,Mujer
2013,ADRIANA,1738,Mujer
2013,VALENTINA,1683,Mujer
2013,ALEJANDRA,1566,Mujer
2013,INES,1550,Mujer
2013,AITANA,1540,Mujer
2013,ARIADNA,1496,Mujer
2013,LEIRE,1321,Mujer
2013,AINARA,1314,Mujer
2013,LAIA,1305,Mujer
2013,NEREA,1292,Mujer
2013,MARINA,1271,Mujer
2013,ANDREA,1252,Mujer
2013,CARLOTA,1222,Mujer
2013,LOLA,1195,Mujer
2013,JIMENA,1189,Mujer
2013,ANGELA,1181,Mujer
2013,CANDELA,1171,Mujer
2013,ROCIO,1149,Mujer
2013,BLANCA,1146,Mujer
2013,VERA,1128,Mujer
2013,NORA,1104,Mujer
2013,ALICIA,1079,Mujer
2013,CELIA,1037,Mujer
2013,VEGA,1008,Mujer
2013,NATALIA,1002,Mujer
2013,CLARA,987,Mujer
2013,LEYRE,954,Mujer
2013,VICTORIA,866,Mujer
2013,EVA,864,Mujer
2013,OLIVIA,818,Mujer
2013,ISABEL,772,Mujer
2013,CRISTINA,743,Mujer
2013,AINA,725,Mujer
2013,AROA,691,Mujer
2013,NURIA,671,Mujer
2013,LARA,656,Mujer
2013,ALMA,650,Mujer
2013,ABRIL,641,Mujer
2013,CAROLINA,635,Mujer
2013,ELSA,590,Mujer
2013,MAR,580,Mujer
2013,MARA,563,Mujer
2013,GABRIELA,537,Mujer
2013,MANUELA,536,Mujer
2013,ZOE,529,Mujer
2013,NOELIA,523,Mujer
2013,AFRICA,522,Mujer
2013,IRIA,511,Mujer
2013,BERTA,507,Mujer
2013,ALEXIA,499,Mujer
2013,ERIKA,494,Mujer
2013,HELENA,491,Mujer
2013,MIRIAM,489,Mujer
2013,NAIARA,488,Mujer
2013,SILVIA,482,Mujer
2013,AYA,456,Mujer
2013,SALMA,453,Mujer
2013,NAIA,449,Mujer
2013,NAYARA,445,Mujer
2013,CHLOE,440,Mujer
2013,MIREIA,438,Mujer
2013,PAOLA,426,Mujer
2013,ONA,425,Mujer
2013,SANDRA,421,Mujer
2013,MALAK,406,Mujer
2013,RAQUEL,400,Mujer
2013,ANE,397,Mujer
2013,NAHIA,397,Mujer
2013,JANA,392,Mujer
2013,DIANA,384,Mujer
2013,PATRICIA,378,Mujer
2013,MIA,372,Mujer
2013,ANNA,370,Mujer
2013,IRIS,368,Mujer
2013,YANIRA,360,Mujer
2013,LUNA,357,Mujer
2013,ARLET,353,Mujer
2013,NADIA,348,Mujer
2013,LIDIA,341,Mujer
2014,HUGO,5121,Hombre
2014,DANIEL,4859,Hombre
2014,PABLO,4494,Hombre
2014,ALEJANDRO,4116,Hombre
2014,ALVARO,3670,Hombre
2014,ADRIAN,3463,Hombre
2014,DAVID,3376,Hombre
2014,MARTIN,3181,Hombre
2014,MARIO,3067,Hombre
2014,DIEGO,3000,Hombre
2014,JAVIER,2531,Hombre
2014,MANUEL,2475,Hombre
2014,LUCAS,2446,Hombre
2014,NICOLAS,2319,Hombre
2014,MARCOS,2244,Hombre
2014,LEO,2162,Hombre
2014,SERGIO,2138,Hombre
2014,MATEO,2107,Hombre
2014,IZAN,1947,Hombre
2014,ALEX,1935,Hombre
2014,IKER,1917,Hombre
2014,MARC,1902,Hombre
2014,JORGE,1873,Hombre
2014,CARLOS,1772,Hombre
2014,MIGUEL,1713,Hombre
2014,ANTONIO,1662,Hombre
2014,ANGEL,1603,Hombre
2014,GONZALO,1594,Hombre
2014,JUAN,1534,Hombre
2014,IVAN,1513,Hombre
2014,ERIC,1329,Hombre
2014,RUBEN,1327,Hombre
2014,SAMUEL,1325,Hombre
2014,HECTOR,1313,Hombre
2014,VICTOR,1306,Hombre
2014,ENZO,1299,Hombre
2014,JOSE,1249,Hombre
2014,GABRIEL,1236,Hombre
2014,BRUNO,1232,Hombre
2014,DARIO,1219,Hombre
2014,RAUL,1182,Hombre
2014,ADAM,1164,Hombre
2014,GUILLERMO,1150,Hombre
2014,FRANCISCO,1105,Hombre
2014,AARON,1103,Hombre
2014,JESUS,1090,Hombre
2014,OLIVER,1075,Hombre
2014,JOEL,1028,Hombre
2014,PEDRO,1024,Hombre
2014,AITOR,1024,Hombre
2014,RODRIGO,1023,Hombre
2014,ERIK,1017,Hombre
2014,MARCO,995,Hombre
2014,ALBERTO,969,Hombre
2014,PAU,938,Hombre
2014,JAIME,926,Hombre
2014,ASIER,921,Hombre
2014,LUIS,891,Hombre
2014,RAFAEL,873,Hombre
2014,UNAI,842,Hombre
2014,MOHAMED,756,Hombre
2014,DYLAN,754,Hombre
2014,MARTI,734,Hombre
2014,IAN,729,Hombre
2014,POL,721,Hombre
2014,ISMAEL,708,Hombre
2014,OSCAR,700,Hombre
2014,ANDRES,695,Hombre
2014,ALONSO,664,Hombre
2014,BIEL,656,Hombre
2014,RAYAN,651,Hombre
2014,JAN,647,Hombre
2014,FERNANDO,643,Hombre
2014,THIAGO,633,Hombre
2014,ARNAU,629,Hombre
2014,CRISTIAN,590,Hombre
2014,GAEL,586,Hombre
2014,IGNACIO,582,Hombre
2014,JOAN,574,Hombre
2014,NIL,566,Hombre
2014,SANTIAGO,546,Hombre
2014,GERARD,536,Hombre
2014,LUCA,536,Hombre
2014,MIGUEL ANGEL,533,Hombre
2014,ISAAC,531,Hombre
2014,ALEIX,507,Hombre
2014,SAUL,493,Hombre
2014,JOSE ANTONIO,471,Hombre
2014,ENRIQUE,456,Hombre
2014,YAGO,451,Hombre
2014,JULEN,443,Hombre
2014,JOSE MANUEL,443,Hombre
2014,EDUARDO,442,Hombre
2014,ABRAHAM,440,Hombre
2014,JORDI,437,Hombre
2014,AIMAR,433,Hombre
2014,ROBERTO,430,Hombre
2014,FRANCISCO JAVIER,423,Hombre
2014,CESAR,398,Hombre
2014,YERAY,398,Hombre
2014,LUCIA,5161,Mujer
2014,MARIA,4951,Mujer
2014,MARTINA,4380,Mujer
2014,PAULA,4210,Mujer
2014,DANIELA,3792,Mujer
2014,SOFIA,3568,Mujer
2014,VALERIA,3246,Mujer
2014,CARLA,3138,Mujer
2014,SARA,3116,Mujer
2014,ALBA,3111,Mujer
2014,JULIA,3107,Mujer
2014,NOA,2744,Mujer
2014,EMMA,2479,Mujer
2014,CLAUDIA,2456,Mujer
2014,CARMEN,2147,Mujer
2014,MARTA,1998,Mujer
2014,VALENTINA,1936,Mujer
2014,IRENE,1902,Mujer
2014,ADRIANA,1881,Mujer
2014,ANA,1797,Mujer
2014,LAURA,1794,Mujer
2014,ELENA,1781,Mujer
2014,ALEJANDRA,1552,Mujer
2014,AINHOA,1485,Mujer
2014,INES,1410,Mujer
2014,AITANA,1392,Mujer
2014,MARINA,1378,Mujer
2014,VERA,1350,Mujer
2014,CANDELA,1331,Mujer
2014,LAIA,1327,Mujer
2014,ARIADNA,1305,Mujer
2014,AINARA,1251,Mujer
2014,LOLA,1250,Mujer
2014,LEIRE,1228,Mujer
2014,ANDREA,1174,Mujer
2014,NEREA,1173,Mujer
2014,CARLOTA,1138,Mujer
2014,ROCIO,1131,Mujer
2014,ANGELA,1129,Mujer
2014,VEGA,1129,Mujer
2014,NORA,1115,Mujer
2014,JIMENA,1082,Mujer
2014,BLANCA,1052,Mujer
2014,ALICIA,1018,Mujer
2014,CLARA,991,Mujer
2014,OLIVIA,979,Mujer
2014,CELIA,929,Mujer
2014,ALMA,919,Mujer
2014,EVA,911,Mujer
2014,ELSA,904,Mujer
2014,LEYRE,874,Mujer
2014,NATALIA,872,Mujer
2014,VICTORIA,829,Mujer
2014,ISABEL,729,Mujer
2014,CRISTINA,703,Mujer
2014,LARA,687,Mujer
2014,ABRIL,685,Mujer
2014,TRIANA,666,Mujer
2014,NURIA,651,Mujer
2014,AROA,629,Mujer
2014,CAROLINA,624,Mujer
2014,AINA,613,Mujer
2014,MANUELA,593,Mujer
2014,CHLOE,591,Mujer
2014,MIA,564,Mujer
2014,MAR,532,Mujer
2014,GABRIELA,529,Mujer
2014,MARA,528,Mujer
2014,ZOE,526,Mujer
2014,ONA,512,Mujer
2014,AFRICA,491,Mujer
2014,IRIA,491,Mujer
2014,NAIA,487,Mujer
2014,HELENA,475,Mujer
2014,PAOLA,469,Mujer
2014,NOELIA,468,Mujer
2014,NAHIA,456,Mujer
2014,MIRIAM,453,Mujer
2014,SALMA,447,Mujer
2014,NAIARA,441,Mujer
2014,BERTA,439,Mujer
2014,LIA,438,Mujer
2014,ALEXIA,434,Mujer
2014,NAYARA,412,Mujer
2014,ANE,408,Mujer
2014,ELIA,407,Mujer
2014,MALAK,407,Mujer
2014,JANA,405,Mujer
2014,ARLET,403,Mujer
2014,DIANA,389,Mujer
2014,AYA,388,Mujer
2014,SILVIA,385,Mujer
2014,IRIS,376,Mujer
2014,LUNA,372,Mujer
2014,YANIRA,366,Mujer
2014,FATIMA,363,Mujer
2014,ERIKA,363,Mujer
2014,MIREIA,354,Mujer
2014,SANDRA,353,Mujer
2014,ANNA,348,Mujer
2015,HUGO,5162,Hombre
2015,DANIEL,4578,Hombre
2015,PABLO,4202,Hombre
2015,MARTIN,4078,Hombre
2015,ALEJANDRO,3994,Hombre
2015,ADRIAN,3341,Hombre
2015,ALVARO,3244,Hombre
2015,DAVID,2993,Hombre
2015,LUCAS,2904,Hombre
2015,MARIO,2825,Hombre
2015,DIEGO,2726,Hombre
2015,MANUEL,2584,Hombre
2015,LEO,2444,Hombre
2015,MATEO,2399,Hombre
2015,JAVIER,2360,Hombre
2015,IZAN,2123,Hombre
2015,MARCOS,2081,Hombre
2015,ALEX,1996,Hombre
2015,SERGIO,1979,Hombre
2015,MARC,1859,Hombre
2015,CARLOS,1748,Hombre
2015,JORGE,1733,Hombre
2015,MIGUEL,1732,Hombre
2015,ENZO,1645,Hombre
2015,ANTONIO,1581,Hombre
2015,ANGEL,1546,Hombre
2015,GONZALO,1540,Hombre
2015,IKER,1513,Hombre
2015,JUAN,1490,Hombre
2015,ERIC,1384,Hombre
2015,IVAN,1365,Hombre
2015,RUBEN,1315,Hombre
2015,VICTOR,1293,Hombre
2015,NICOLAS,1286,Hombre
2015,BRUNO,1252,Hombre
2015,SAMUEL,1245,Hombre
2015,HECTOR,1245,Hombre
2015,JOSE,1234,Hombre
2015,GABRIEL,1189,Hombre
2015,DARIO,1180,Hombre
2015,OLIVER,1169,Hombre
2015,AARON,1152,Hombre
2015,ADAM,1080,Hombre
2015,DYLAN,1050,Hombre
2015,JESUS,1019,Hombre
2015,MARCO,1017,Hombre
2015,AITOR,1017,Hombre
2015,ALBERTO,1015,Hombre
2015,GUILLERMO,996,Hombre
2015,RAUL,968,Hombre
2015,RODRIGO,968,Hombre
2015,FRANCISCO,964,Hombre
2015,JOEL,943,Hombre
2015,ERIK,943,Hombre
2015,PAU,924,Hombre
2015,PEDRO,917,Hombre
2015,LUIS,891,Hombre
2015,JAIME,872,Hombre
2015,RAFAEL,846,Hombre
2015,ASIER,814,Hombre
2015,UNAI,793,Hombre
2015,MOHAMED,773,Hombre
2015,MARTI,761,Hombre
2015,GAEL,760,Hombre
2015,THIAGO,746,Hombre
2015,IAN,725,Hombre
2015,FERNANDO,674,Hombre
2015,OSCAR,671,Hombre
2015,LUCA,666,Hombre
2015,ANDRES,664,Hombre
2015,BIEL,654,Hombre
2015,ISMAEL,629,Hombre
2015,ALONSO,608,Hombre
2015,POL,599,Hombre
2015,NIL,599,Hombre
2015,JAN,596,Hombre
2015,RAYAN,575,Hombre
2015,ALEIX,563,Hombre
2015,ARNAU,558,Hombre
2015,CRISTIAN,552,Hombre
2015,SAUL,545,Hombre
2015,ISAAC,535,Hombre
2015,SANTIAGO,534,Hombre
2015,JULEN,533,Hombre
2015,JOAN,505,Hombre
2015,MIGUEL ANGEL,493,Hombre
2015,AIMAR,493,Hombre
2015,IGNACIO,488,Hombre
2015,YOUSSEF,476,Hombre
2015,EDUARDO,455,Hombre
2015,MAURO,448,Hombre
2015,ENRIQUE,443,Hombre
2015,YAGO,443,Hombre
2015,JOSE ANTONIO,420,Hombre
2015,GERARD,407,Hombre
2015,ABRAHAM,404,Hombre
2015,NOAH,404,Hombre
2015,OMAR,398,Hombre
2015,IBAI,394,Hombre
2015,FRANCISCO JAVIER,392,Hombre
2015,JON,383,Hombre
2015,LUCIA,5229,Mujer
2015,MARIA,4516,Mujer
2015,MARTINA,4447,Mujer
2015,PAULA,3854,Mujer
2015,SOFIA,3525,Mujer
2015,DANIELA,3392,Mujer
2015,ALBA,3082,Mujer
2015,JULIA,3006,Mujer
2015,CARLA,2951,Mujer
2015,SARA,2936,Mujer
2015,VALERIA,2924,Mujer
2015,NOA,2900,Mujer
2015,EMMA,2518,Mujer
2015,CLAUDIA,2398,Mujer
2015,CARMEN,2156,Mujer
2015,MARTA,1845,Mujer
2015,VALENTINA,1842,Mujer
2015,IRENE,1760,Mujer
2015,ADRIANA,1758,Mujer
2015,ANA,1755,Mujer
2015,LAURA,1649,Mujer
2015,ELENA,1586,Mujer
2015,ALEJANDRA,1580,Mujer
2015,OLIVIA,1438,Mujer
2015,INES,1381,Mujer
2015,LOLA,1369,Mujer
2015,AITANA,1339,Mujer
2015,ARIADNA,1339,Mujer
2015,VERA,1328,Mujer
2015,LAIA,1316,Mujer
2015,VEGA,1291,Mujer
2015,ALMA,1265,Mujer
2015,CANDELA,1238,Mujer
2015,MARINA,1235,Mujer
2015,AINHOA,1232,Mujer
2015,ELSA,1170,Mujer
2015,JIMENA,1166,Mujer
2015,TRIANA,1160,Mujer
2015,LEIRE,1156,Mujer
2015,CARLOTA,1146,Mujer
2015,BLANCA,1125,Mujer
2015,ROCIO,1113,Mujer
2015,AINARA,1074,Mujer
2015,ALICIA,1038,Mujer
2015,NORA,1034,Mujer
2015,NEREA,1030,Mujer
2015,ANGELA,1005,Mujer
2015,CLARA,989,Mujer
2015,ABRIL,915,Mujer
2015,LEYRE,898,Mujer
2015,CELIA,890,Mujer
2015,ANDREA,879,Mujer
2015,VICTORIA,862,Mujer
2015,LARA,806,Mujer
2015,EVA,801,Mujer
2015,MIA,769,Mujer
2015,CHLOE,768,Mujer
2015,NATALIA,729,Mujer
2015,MANUELA,724,Mujer
2015,ISABEL,685,Mujer
2015,AINA,679,Mujer
2015,ZOE,654,Mujer
2015,CRISTINA,612,Mujer
2015,AROA,581,Mujer
2015,NURIA,556,Mujer
2015,ALEXIA,551,Mujer
2015,LIA,520,Mujer
2015,CAROLINA,512,Mujer
2015,IRIA,509,Mujer
2015,AFRICA,505,Mujer
2015,MAR,500,Mujer
2015,MARA,482,Mujer
2015,GABRIELA,481,Mujer
2015,ONA,461,Mujer
2015,NAIA,456,Mujer
2015,HELENA,433,Mujer
2015,PAOLA,430,Mujer
2015,AZAHARA,420,Mujer
2015,NOELIA,420,Mujer
2015,ELIA,418,Mujer
2015,IRIS,414,Mujer
2015,LUNA,403,Mujer
2015,MALAK,399,Mujer
2015,NAHIA,397,Mujer
2015,BERTA,392,Mujer
2015,AYA,391,Mujer
2015,MIREIA,386,Mujer
2015,SALMA,385,Mujer
2015,ANE,381,Mujer
2015,CAYETANA,379,Mujer
2015,SILVIA,375,Mujer
2015,DIANA,373,Mujer
2015,MIRIAM,372,Mujer
2015,ARLET,370,Mujer
2015,NADIA,368,Mujer
2015,NAIARA,360,Mujer
2015,JANA,359,Mujer
2015,CLOE,352,Mujer
2015,ANNA,349,Mujer
2015,NAYARA,346,Mujer
2015,ERIKA,341,Mujer
2016,HUGO,4870,Hombre
2016,DANIEL,4195,Hombre
2016,MARTIN,4050,Hombre
2016,PABLO,3776,Hombre
2016,ALEJANDRO,3774,Hombre
2016,LUCAS,3730,Hombre
2016,ALVARO,3030,Hombre
2016,ADRIAN,2989,Hombre
2016,MATEO,2845,Hombre
2016,DAVID,2818,Hombre
2016,MARIO,2743,Hombre
2016,MANUEL,2648,Hombre
2016,DIEGO,2497,Hombre
2016,LEO,2452,Hombre
2016,JAVIER,2145,Hombre
2016,MARCOS,2016,Hombre
2016,IZAN,1909,Hombre
2016,ALEX,1833,Hombre
2016,SERGIO,1774,Hombre
2016,ENZO,1752,Hombre
2016,CARLOS,1680,Hombre
2016,MIGUEL,1587,Hombre
2016,MARC,1576,Hombre
2016,JORGE,1545,Hombre
2016,ANTONIO,1510,Hombre
2016,GONZALO,1434,Hombre
2016,JUAN,1358,Hombre
2016,ANGEL,1325,Hombre
2016,OLIVER,1314,Hombre
2016,IKER,1307,Hombre
2016,DYLAN,1303,Hombre
2016,BRUNO,1302,Hombre
2016,ERIC,1262,Hombre
2016,MARCO,1234,Hombre
2016,IVAN,1182,Hombre
2016,NICOLAS,1147,Hombre
2016,JOSE,1131,Hombre
2016,HECTOR,1116,Hombre
2016,DARIO,1109,Hombre
2016,SAMUEL,1093,Hombre
2016,VICTOR,1092,Hombre
2016,RUBEN,1083,Hombre
2016,GABRIEL,1067,Hombre
2016,ADAM,1052,Hombre
2016,AARON,1014,Hombre
2016,THIAGO,989,Hombre
2016,GAEL,941,Hombre
2016,FRANCISCO,915,Hombre
2016,GUILLERMO,883,Hombre
2016,RAUL,877,Hombre
2016,RODRIGO,871,Hombre
2016,ERIK,868,Hombre
2016,JAIME,862,Hombre
2016,AITOR,858,Hombre
2016,JESUS,857,Hombre
2016,PEDRO,853,Hombre
2016,JOEL,837,Hombre
2016,PAU,833,Hombre
2016,ALBERTO,815,Hombre
2016,LUIS,814,Hombre
2016,LUCA,787,Hombre
2016,MOHAMED,785,Hombre
2016,IAN,784,Hombre
2016,RAFAEL,778,Hombre
2016,JULEN,775,Hombre
2016,UNAI,705,Hombre
2016,ASIER,693,Hombre
2016,MARTI,640,Hombre
2016,RAYAN,620,Hombre
2016,JAN,605,Hombre
2016,FERNANDO,605,Hombre
2016,POL,602,Hombre
2016,BIEL,596,Hombre
2016,ISMAEL,579,Hombre
2016,SAUL,565,Hombre
2016,ANDRES,561,Hombre
2016,OSCAR,553,Hombre
2016,ALONSO,552,Hombre
2016,ALEIX,546,Hombre
2016,NIL,540,Hombre
2016,CRISTIAN,524,Hombre
2016,SANTIAGO,499,Hombre
2016,ISAAC,498,Hombre
2016,IGNACIO,478,Hombre
2016,ARNAU,474,Hombre
2016,MIGUEL ANGEL,472,Hombre
2016,YOUSSEF,444,Hombre
2016,ENRIQUE,442,Hombre
2016,MAURO,431,Hombre
2016,JOAN,423,Hombre
2016,JON,413,Hombre
2016,NOAH,409,Hombre
2016,JOSE ANTONIO,406,Hombre
2016,JOSE MANUEL,406,Hombre
2016,OMAR,394,Hombre
2016,EDUARDO,391,Hombre
2016,AIMAR,389,Hombre
2016,GERARD,385,Hombre
2016,ARITZ,380,Hombre
2016,LIAM,372,Hombre
2016,JORDI,370,Hombre
2016,LUCIA,4672,Mujer
2016,MARTINA,4308,Mujer
2016,MARIA,4143,Mujer
2016,SOFIA,4047,Mujer
2016,PAULA,3439,Mujer
2016,DANIELA,3151,Mujer
2016,VALERIA,3110,Mujer
2016,ALBA,3042,Mujer
2016,JULIA,2992,Mujer
2016,NOA,2888,Mujer
2016,SARA,2811,Mujer
2016,CARLA,2781,Mujer
2016,EMMA,2476,Mujer
2016,CARMEN,2428,Mujer
2016,CLAUDIA,2064,Mujer
2016,VALENTINA,1794,Mujer
2016,ANA,1739,Mujer
2016,MARTA,1680,Mujer
2016,IRENE,1575,Mujer
2016,ADRIANA,1558,Mujer
2016,LAURA,1519,Mujer
2016,VEGA,1462,Mujer
2016,ELENA,1453,Mujer
2016,ALEJANDRA,1418,Mujer
2016,ALMA,1409,Mujer
2016,LAIA,1395,Mujer
2016,LOLA,1367,Mujer
2016,VERA,1352,Mujer
2016,OLIVIA,1345,Mujer
2016,AITANA,1302,Mujer
2016,JIMENA,1236,Mujer
2016,CANDELA,1209,Mujer
2016,ARIADNA,1207,Mujer
2016,INES,1183,Mujer
2016,CARLOTA,1160,Mujer
2016,AINHOA,1118,Mujer
2016,NORA,1058,Mujer
2016,TRIANA,1056,Mujer
2016,MARINA,1054,Mujer
2016,CHLOE,1030,Mujer
2016,ALICIA,1018,Mujer
2016,CLARA,991,Mujer
2016,BLANCA,990,Mujer
2016,LEIRE,980,Mujer
2016,MIA,943,Mujer
2016,LARA,939,Mujer
2016,ROCIO,939,Mujer
2016,AINARA,936,Mujer
2016,NEREA,881,Mujer
2016,ABRIL,878,Mujer
2016,ANDREA,861,Mujer
2016,LEYRE,851,Mujer
2016,CELIA,845,Mujer
2016,MANUELA,845,Mujer
2016,VICTORIA,838,Mujer
2016,ELSA,837,Mujer
2016,ANGELA,795,Mujer
2016,EVA,739,Mujer
2016,NATALIA,676,Mujer
2016,ZOE,667,Mujer
2016,AINA,606,Mujer
2016,ISABEL,574,Mujer
2016,ONA,540,Mujer
2016,CRISTINA,509,Mujer
2016,LIA,507,Mujer
2016,AROA,505,Mujer
2016,GALA,497,Mujer
2016,GABRIELA,489,Mujer
2016,MAR,488,Mujer
2016,IRIA,487,Mujer
2016,NURIA,478,Mujer
2016,CAROLINA,477,Mujer
2016,IRIS,455,Mujer
2016,MARA,449,Mujer
2016,ARLET,436,Mujer
2016,HELENA,423,Mujer
2016,LUNA,421,Mujer
2016,MALAK,417,Mujer
2016,CAYETANA,415,Mujer
2016,DIANA,406,Mujer
2016,NAIA,405,Mujer
2016,ALEXIA,405,Mujer
2016,PAOLA,402,Mujer
2016,BERTA,401,Mujer
2016,ELIA,400,Mujer
2016,AFRICA,396,Mujer
2016,NAHIA,381,Mujer
2016,AMIRA,371,Mujer
2016,AYA,364,Mujer
2016,ANE,352,Mujer
2016,SALMA,349,Mujer
2016,ELISA,340,Mujer
2016,MIRIAM,339,Mujer
2016,CLOE,332,Mujer
2016,FATIMA,332,Mujer
2016,JANA,332,Mujer
2016,NOELIA,329,Mujer
2016,ANNA,312,Mujer
2016,SILVIA,312,Mujer
2016,MIREIA,311,Mujer
2016,IRATI,308,Mujer
2017,LUCAS,4209,Hombre
2017,HUGO,4141,Hombre
2017,MARTIN,3838,Hombre
2017,DANIEL,3717,Hombre
2017,PABLO,3426,Hombre
2017,ALEJANDRO,3220,Hombre
2017,MATEO,3124,Hombre
2017,ADRIAN,2841,Hombre
2017,ALVARO,2794,Hombre
2017,MANUEL,2517,Hombre
2017,LEO,2489,Hombre
2017,DAVID,2471,Hombre
2017,MARIO,2418,Hombre
2017,DIEGO,2255,Hombre
2017,JAVIER,2012,Hombre
2017,ENZO,1962,Hombre
2017,IZAN,1890,Hombre
2017,MARCOS,1751,Hombre
2017,MARCO,1716,Hombre
2017,ALEX,1618,Hombre
2017,CARLOS,1574,Hombre
2017,SERGIO,1538,Hombre
2017,MARC,1497,Hombre
2017,ANTONIO,1461,Hombre
2017,BRUNO,1443,Hombre
2017,MIGUEL,1404,Hombre
2017,GONZALO,1397,Hombre
2017,JORGE,1391,Hombre
2017,JUAN,1322,Hombre
2017,ANGEL,1285,Hombre
2017,DYLAN,1283,Hombre
2017,NICOLAS,1243,Hombre
2017,OLIVER,1229,Hombre
2017,THIAGO,1163,Hombre
2017,ERIC,1126,Hombre
2017,IKER,1095,Hombre
2017,GABRIEL,1093,Hombre
2017,JOSE,1062,Hombre
2017,HECTOR,1052,Hombre
2017,IVAN,1049,Hombre
2017,ADAM,1047,Hombre
2017,GAEL,1029,Hombre
2017,DARIO,1006,Hombre
2017,SAMUEL,1002,Hombre
2017,VICTOR,971,Hombre
2017,RODRIGO,946,Hombre
2017,RUBEN,944,Hombre
2017,LUCA,898,Hombre
2017,JESUS,890,Hombre
2017,AARON,862,Hombre
2017,RAUL,835,Hombre
2017,FRANCISCO,831,Hombre
2017,GUILLERMO,810,Hombre
2017,IAN,808,Hombre
2017,ERIK,800,Hombre
2017,PEDRO,799,Hombre
2017,JAIME,792,Hombre
2017,AITOR,782,Hombre
2017,PAU,778,Hombre
2017,RAFAEL,766,Hombre
2017,ALBERTO,740,Hombre
2017,MOHAMED,734,Hombre
2017,LUIS,730,Hombre
2017,JOEL,720,Hombre
2017,JULEN,710,Hombre
2017,SAUL,696,Hombre
2017,UNAI,637,Hombre
2017,POL,635,Hombre
2017,MARTI,609,Hombre
2017,RAYAN,588,Hombre
2017,ANDRES,575,Hombre
2017,ISMAEL,569,Hombre
2017,NIL,568,Hombre
2017,FERNANDO,567,Hombre
2017,ASIER,561,Hombre
2017,JAN,560,Hombre
2017,SANTIAGO,555,Hombre
2017,LIAM,537,Hombre
2017,ALONSO,534,Hombre
2017,ALEIX,499,Hombre
2017,BIEL,498,Hombre
2017,ALAN,491,Hombre
2017,ARNAU,478,Hombre
2017,YOUSSEF,477,Hombre
2017,OSCAR,464,Hombre
2017,IGNACIO,443,Hombre
2017,ISAAC,435,Hombre
2017,CRISTIAN,432,Hombre
2017,MIGUEL ANGEL,428,Hombre
2017,MATIAS,427,Hombre
2017,AMIR,417,Hombre
2017,NEIZAN,413,Hombre
2017,NOAH,408,Hombre
2017,JOAN,407,Hombre
2017,AXEL,392,Hombre
2017,TEO,382,Hombre
2017,ENRIQUE,380,Hombre
2017,IMRAN,371,Hombre
2017,OMAR,369,Hombre
2017,MAURO,363,Hombre
2017,LUCIA,4410,Mujer
2017,SOFIA,4206,Mujer
2017,MARIA,3874,Mujer
2017,MARTINA,3814,Mujer
2017,PAULA,3085,Mujer
2017,JULIA,2998,Mujer
2017,DANIELA,2959,Mujer
2017,VALERIA,2856,Mujer
2017,ALBA,2678,Mujer
2017,EMMA,2525,Mujer
2017,CARLA,2485,Mujer
2017,SARA,2411,Mujer
2017,NOA,2374,Mujer
2017,CARMEN,2167,Mujer
2017,CLAUDIA,1906,Mujer
2017,VALENTINA,1692,Mujer
2017,ALMA,1616,Mujer
2017,ANA,1538,Mujer
2017,CHLOE,1422,Mujer
2017,MARTA,1420,Mujer
2017,OLIVIA,1399,Mujer
2017,ELENA,1393,Mujer
2017,ADRIANA,1370,Mujer
2017,LAIA,1363,Mujer
2017,VEGA,1361,Mujer
2017,VERA,1341,Mujer
2017,LOLA,1336,Mujer
2017,IRENE,1321,Mujer
2017,JIMENA,1314,Mujer
2017,ALEJANDRA,1274,Mujer
2017,LAURA,1270,Mujer
2017,INES,1250,Mujer
2017,CANDELA,1221,Mujer
2017,MIA,1209,Mujer
2017,TRIANA,1195,Mujer
2017,AITANA,1175,Mujer
2017,ABRIL,1033,Mujer
2017,LARA,1029,Mujer
2017,CARLOTA,1015,Mujer
2017,ARIADNA,1007,Mujer
2017,ALICIA,964,Mujer
2017,MARINA,952,Mujer
2017,CLARA,941,Mujer
2017,ROCIO,927,Mujer
2017,NORA,897,Mujer
2017,MANUELA,884,Mujer
2017,BLANCA,880,Mujer
2017,VICTORIA,874,Mujer
2017,AINHOA,840,Mujer
2017,ANDREA,820,Mujer
2017,LEYRE,814,Mujer
2017,ANGELA,806,Mujer
2017,LEIRE,775,Mujer
2017,NEREA,773,Mujer
2017,CELIA,757,Mujer
2017,EVA,756,Mujer
2017,AINARA,735,Mujer
2017,ZOE,700,Mujer
2017,ELSA,655,Mujer
2017,NATALIA,589,Mujer
2017,ISABEL,583,Mujer
2017,GALA,532,Mujer
2017,LIA,529,Mujer
2017,IRIA,526,Mujer
2017,AINA,511,Mujer
2017,ONA,501,Mujer
2017,MAR,499,Mujer
2017,AFRICA,492,Mujer
2017,LUNA,474,Mujer
2017,CRISTINA,469,Mujer
2017,CAYETANA,468,Mujer
2017,AMIRA,453,Mujer
2017,AROA,450,Mujer
2017,GABRIELA,445,Mujer
2017,IRIS,442,Mujer
2017,MARA,430,Mujer
2017,NURIA,411,Mujer
2017,MALAK,403,Mujer
2017,CAROLINA,402,Mujer
2017,JANA,399,Mujer
2017,JULIETA,395,Mujer
2017,CLOE,394,Mujer
2017,ARLET,393,Mujer
2017,HELENA,378,Mujer
2017,ALEXIA,377,Mujer
2017,DIANA,377,Mujer
2017,NAIA,373,Mujer
2017,AYA,372,Mujer
2017,SALMA,372,Mujer
2017,PAOLA,368,Mujer
2017,BERTA,365,Mujer
2017,INDIA,364,Mujer
2017,ELIA,357,Mujer
2017,ANNA,345,Mujer
2017,FATIMA,342,Mujer
2017,ADARA,337,Mujer
2017,NOUR,330,Mujer
2017,NAIARA,330,Mujer
2017,NAHIA,322,Mujer
2017,ELISA,317,Mujer